Res,CYX   1,TYR  22,PHE  23,THR  24,ASN  25,ILE  26,PHE  27,ALA  28,THR  29,TRP  30,GLY  41,ARG  42,SER  43,ARG  47,PRO  48,GLN  49,VAL  50,ASN  51,LYS  66,VAL  75,LYS  76,SER  77,LEU  78,LEU  79,THR  80,SER  81,MET  82,GLN 103,ASN 104,LYS 106,VAL 107,LYS 108,VAL 109,GLN 111,TRP 140,VAL 141,HID 142,GLN 143,ILE 144,ALA 145,SER 185,SER 186,SER 187,TYR 188,LEU 189,TYR 205,GLY 206,ALA 207,SER 208,THR 209,ARG 210,ALA 211,THR 212,GLY 213,SER 223,LYS 246,TYR 247,GLY 248,THR 249,SER 250,ALA 251,ILE 252,GLN 368,VAL 369,GLN 370,LEU 371,VAL 391,SER 392,GLY 393,TYR 394,THR 395,LEU 396,THR 397,GLU 398,LEU 399,PRO 400,VAL 401,HIE 402,TRP 414,GLY 416,SER 417,PHE 418,ASP 419,PRO 420,GLU 421,SER 422,GLY 423,GLU 424,SER 425,ILE 426,TYR 427,MET 437,VAL 465,PRO 466,ASP 467,PRO 468,ASP 469,ALA 470,PHE 471,ASP 472,ILE 473,Cl- 583,Cl- 585
CYX   1,,0.0,0.0,0.0,0.0,0.0,0.0,0.0,0.0,0.0,0.0,0.0,0.0,0.0,0.0,0.0,0.0,0.0,0.0,0.0,0.0,0.0,0.0,0.0,0.0,0.0,0.0,0.0,0.0,0.0,0.0,0.0,0.0,0.0,0.0,0.0,0.0,0.0,0.0,0.0,0.0,-0.0,0.0,0.0,-0.0,-0.0,0.0,0.0,0.0,0.0,0.0,-0.0,0.0,0.0,-0.0,0.0,0.0,0.0,0.0,0.0,-0.0,0.0,0.0,0.0,-0.0,0.0,0.0,-0.0,-0.0,0.0,-0.0,-0.0,0.0,-0.0,0.0,-0.0,-0.0,0.0,0.0,0.0,0.0,0.0,-0.0,0.0,-0.0,-0.0,0.0,-0.0,0.0,-0.0,-0.0,0.0,0.0,-0.0,-0.0,0.0,-0.0,-0.0,0.0,-0.0,0.0,-0.0,-0.0
TYR  22,0.0,,-0.06,0.01,0.01,-0.0,0.0,-0.0,0.02,-0.03,0.0,0.0,0.0,0.01,-0.01,-0.0,-0.0,-0.0,0.0,0.0,0.0,-0.0,-0.0,0.0,0.0,0.0,-0.0,0.0,0.0,0.0,0.0,0.0,0.0,0.0,-0.0,0.0,0.0,0.0,0.0,0.0,-0.0,0.0,0.01,-0.15,-0.0,-0.0,-0.0,-0.0,-0.0,-0.0,0.0,0.0,0.0,0.0,0.0,-0.0,-0.01,-0.0,-0.03,-0.0,-0.0,-0.0,0.0,0.0,-0.0,0.0,0.0,-0.0,-0.0,0.0,-0.0,-0.0,-0.0,-0.0,-0.0,-0.0,0.0,-0.0,-0.0,-0.0,0.0,0.0,-0.0,-0.0,-0.0,-0.0,0.0,-0.0,0.0,-0.0,0.0,0.0,0.0,-0.0,-0.0,-0.0,-0.03,-0.0,-0.0,-0.0,-0.0,0.0,0.0
PHE  23,0.0,-0.06,,0.22,0.1,0.0,-0.0,-0.01,-0.07,0.04,0.0,-0.0,-0.0,-0.33,0.02,0.12,-0.0,-0.0,0.0,-0.0,-0.0,0.0,0.0,-0.0,-0.0,-0.0,0.0,0.0,0.0,0.0,0.0,0.0,0.0,0.0,0.0,-0.0,-0.0,0.01,-0.0,0.0,-0.05,-0.05,-1.08,-2.39,-0.01,-0.06,-0.04,0.0,-0.0,-0.01,-0.0,-0.0,-0.0,0.0,-0.0,-0.02,-0.51,-0.03,-0.04,-0.01,-0.0,-0.01,0.0,-0.0,0.0,-0.0,0.0,-0.0,0.0,-0.0,0.0,-0.0,-0.0,-0.0,-0.01,-0.0,-0.0,-0.0,-0.0,0.0,-0.0,-0.0,0.0,-0.0,0.0,-0.0,0.0,-0.0,0.0,-0.0,-0.0,0.0,-0.0,-0.02,-0.02,-0.12,-0.57,-0.0,-0.0,-0.0,-0.0,-0.0,-0.0
THR  24,0.0,0.0,0.17,,0.29,0.01,0.01,-0.17,-0.07,-0.01,0.0,0.02,-0.01,0.03,0.01,0.01,-0.0,0.0,0.0,0.0,0.0,0.0,-0.0,0.0,0.0,0.0,-0.0,0.0,0.0,0.0,0.0,0.0,0.0,0.0,0.0,0.0,-0.0,0.0,0.0,-0.0,-0.01,-0.0,-0.03,-3.05,-0.0,-0.0,-0.0,-0.0,-0.0,-0.0,-0.0,-0.0,0.0,0.0,0.0,-0.01,-0.06,-0.26,-1.43,-0.04,-0.01,-0.01,0.0,0.0,-0.0,0.0,0.0,-0.0,-0.0,-0.0,-0.0,-0.0,-0.0,-0.0,0.0,-0.01,-0.0,-0.01,-0.0,0.0,-0.0,-0.0,-0.01,-0.0,-0.0,-0.0,0.0,-0.0,-0.0,-0.0,-0.0,-0.0,0.0,-0.0,-0.0,0.0,-0.07,-0.01,-0.01,-0.0,-0.0,0.0,0.0
ASN  25,0.0,0.01,0.14,0.35,,-0.14,-0.06,-0.09,-0.01,-0.02,0.0,0.04,-0.01,0.08,-0.0,-0.0,0.0,0.0,0.0,0.0,0.0,0.0,0.0,0.0,0.0,0.0,-0.0,0.0,0.0,0.0,0.0,0.0,0.0,0.0,0.0,0.0,0.0,0.0,0.0,-0.0,-0.01,-0.0,-0.03,-0.98,-0.01,-0.01,-0.0,-0.0,-0.0,-0.0,-0.0,-0.0,-0.0,0.0,0.0,-0.07,-1.89,-1.51,-1.36,-0.14,-0.04,-0.13,0.0,-0.0,-0.0,-0.0,0.0,-0.0,-0.0,-0.0,-0.0,-0.0,-0.0,-0.0,-0.0,-0.03,0.0,-0.08,-0.04,0.01,-0.01,0.0,-0.01,-0.01,-0.0,-0.0,-0.0,0.0,0.0,-0.02,-0.0,-0.0,0.02,-0.12,-0.01,-0.06,-1.93,-0.16,-0.07,-0.01,-0.0,-0.0,0.0
ILE  26,0.0,-0.0,0.0,0.01,-0.09,,0.12,0.06,0.0,-0.01,0.0,0.12,-0.0,-0.0,-0.0,-0.0,0.0,0.0,0.0,0.0,0.0,0.0,0.0,-0.0,0.0,0.0,0.0,0.0,0.0,0.0,0.0,0.0,0.0,0.0,0.0,-0.0,-0.0,-0.0,-0.0,0.0,-0.0,-0.0,-0.0,-0.06,-0.0,-0.0,-0.0,-0.0,-0.0,-0.0,-0.0,-0.0,-0.0,-0.0,-0.0,-0.01,-0.18,-1.47,-1.99,-1.17,-0.6,-0.9,-0.0,-0.0,0.0,-0.0,-0.0,0.0,0.0,-0.0,-0.0,0.0,0.0,0.0,-0.04,-0.32,-0.03,-1.35,-0.79,-0.03,-0.61,-0.02,-0.16,-0.02,-0.0,0.0,-0.0,-0.03,-0.01,-1.07,-0.04,-0.01,-0.01,-0.12,-0.0,-0.01,-0.05,-0.02,-0.1,-0.0,-0.0,0.0,-0.0
PHE  27,0.0,0.0,-0.0,0.01,-0.05,0.13,,-0.03,0.0,-0.01,0.0,-0.51,0.0,0.0,-0.0,-0.0,0.0,0.0,0.0,0.0,0.0,0.0,-0.0,0.0,0.0,0.0,-0.0,0.0,0.0,0.0,0.0,0.0,0.0,0.0,0.0,0.0,0.0,0.0,0.0,0.0,-0.0,-0.0,-0.0,-0.01,-0.0,-0.0,0.0,0.0,0.0,0.0,-0.0,-0.0,-0.0,-0.0,-0.0,-0.01,-0.02,0.01,-0.25,-0.08,-0.02,-0.01,-0.0,-0.0,-0.0,-0.0,-0.0,-0.0,0.0,-0.01,-0.0,-0.02,-0.02,-0.02,-0.29,-1.54,-0.06,-0.28,-0.02,-0.07,-1.07,-0.94,-1.94,0.02,-0.1,-1.09,-0.07,-1.11,-0.62,-1.38,-0.01,-0.02,-0.02,-0.03,-0.0,-0.01,-0.02,-0.01,-0.01,0.0,-0.0,0.0,-0.0
ALA  28,0.0,-0.0,-0.01,-0.17,-0.09,0.06,-0.03,,0.03,-0.03,0.0,-0.02,-0.05,0.01,-0.0,-0.0,-0.0,0.0,0.0,0.0,0.0,0.0,-0.0,0.0,0.0,0.0,-0.0,0.0,0.0,0.0,0.0,0.0,0.0,0.0,-0.0,0.0,0.0,0.0,0.0,0.0,-0.0,-0.0,-0.0,-0.03,-0.0,-0.0,-0.0,-0.0,-0.0,-0.0,-0.0,0.0,0.0,0.0,0.0,-0.01,-0.02,-0.02,-0.08,-0.01,-0.0,-0.0,0.0,-0.0,-0.0,-0.0,-0.0,-0.0,-0.0,-0.0,-0.0,-0.0,-0.0,-0.02,-0.3,-0.12,-0.0,-0.01,-0.0,-0.0,-0.01,-0.01,0.02,-0.0,-0.02,-0.02,-0.0,-0.0,-0.0,-0.01,-0.0,-0.0,-0.01,-0.04,-0.01,-0.04,-0.07,-0.0,-0.0,-0.0,-0.0,0.0,0.0
THR  29,0.0,0.02,-0.07,-0.07,-0.01,0.0,0.0,0.03,,0.0,0.0,-0.01,-0.01,0.05,0.0,0.0,-0.0,-0.0,0.0,0.0,0.0,0.0,-0.0,0.0,0.0,0.0,-0.0,0.0,0.0,0.0,0.0,0.0,0.0,0.0,-0.0,0.0,0.0,0.0,0.0,0.0,-0.0,-0.0,0.0,-0.03,-0.0,-0.0,-0.0,-0.0,0.0,0.0,0.0,0.0,0.0,0.0,-0.0,-0.0,-0.01,-0.01,-0.08,-0.0,-0.0,-0.0,0.0,0.0,0.0,0.0,0.0,-0.0,0.0,-0.0,-0.0,-0.0,-0.0,-0.0,-0.01,-0.01,-0.0,-0.0,-0.0,-0.0,-0.0,-0.0,-0.0,-0.0,-0.01,-0.01,-0.0,-0.0,-0.0,-0.0,-0.0,0.0,-0.0,-0.0,-0.0,-0.0,-0.05,-0.0,-0.0,-0.0,-0.0,-0.0,0.0
TRP  30,0.0,-0.03,0.04,-0.01,-0.02,-0.01,-0.01,-0.03,0.0,,-0.0,-0.1,-0.08,-0.38,0.01,0.0,0.0,-0.0,0.0,-0.01,-0.01,0.01,0.0,-0.01,-0.02,-0.01,0.05,0.0,0.0,0.0,0.0,0.0,0.0,0.0,0.0,-0.0,-0.01,-0.03,-0.0,-0.01,-0.0,-0.0,-0.02,-0.02,-0.0,-0.01,-0.0,-0.0,-0.0,-0.01,-0.0,-0.0,-0.0,0.0,0.0,-0.0,-0.01,-0.01,-0.01,-0.0,-0.0,-0.0,-0.0,-0.0,-0.0,-0.0,-0.0,-0.0,-0.0,-0.0,-0.0,-0.0,-0.0,-0.02,-0.05,0.0,-0.0,-0.0,-0.0,-0.0,-0.0,-0.0,-0.01,0.0,-0.0,-0.0,0.0,-0.0,0.0,-0.0,-0.0,-0.0,-0.01,-0.03,-0.05,-0.74,-0.21,0.0,-0.0,-0.0,-0.0,0.0,-0.0
GLY  41,0.0,0.0,0.0,0.0,0.0,0.0,0.0,0.0,0.0,-0.0,,-0.02,-0.01,0.0,-0.0,-0.0,0.0,0.0,0.0,-0.0,-0.0,0.0,0.0,0.0,0.0,0.0,-0.0,0.0,0.0,0.0,0.0,0.0,0.0,0.0,0.0,0.0,0.0,0.0,0.0,0.0,-0.0,0.0,0.0,0.0,0.0,-0.0,0.0,-0.0,0.0,-0.0,-0.0,-0.0,-0.0,-0.0,0.0,-0.0,-0.0,-0.0,-0.0,-0.0,-0.0,-0.0,-0.0,-0.0,-0.0,0.0,-0.0,0.0,-0.0,-0.01,-0.01,0.0,0.0,-0.82,-0.04,-0.01,-0.0,-0.0,0.0,0.0,0.0,-0.0,-0.01,-0.0,-0.04,-0.0,0.0,-0.0,0.0,-0.0,0.0,-0.0,-0.0,-0.0,0.0,-0.0,0.0,0.0,0.0,0.0,-0.0,0.0,-0.0
ARG  42,0.0,0.0,-0.0,0.02,0.04,0.12,-0.55,-0.02,-0.01,-0.1,-0.01,,-0.09,0.02,-0.0,-0.0,-0.0,0.0,0.0,0.0,0.01,0.02,-0.0,0.0,0.0,0.0,-0.0,0.0,0.0,0.0,0.0,0.0,0.0,0.0,-0.0,0.0,0.0,0.0,0.0,0.0,-0.0,-0.0,-0.0,-0.0,-0.0,-0.0,0.0,0.0,0.0,-0.0,0.0,0.0,-0.0,0.0,-0.0,0.01,0.0,-0.0,-0.0,-0.0,-0.0,-0.0,0.01,-0.0,-0.0,-0.0,0.0,-0.0,-0.0,-0.02,-0.05,-0.2,-2.39,-4.19,-2.47,-1.63,-0.07,-0.04,0.0,0.01,0.01,0.09,-15.29,-0.24,-0.96,0.65,0.04,-0.09,-0.0,-0.01,-0.0,-0.0,0.02,-0.05,-0.06,-0.02,-0.08,-0.01,-0.0,-0.02,-0.0,-0.0,-0.0
SER  43,0.0,0.0,-0.0,-0.01,-0.01,-0.0,0.0,-0.05,-0.01,-0.08,-0.01,-0.08,,0.04,0.0,0.0,-0.0,0.0,0.0,0.0,0.0,0.0,-0.0,0.0,0.0,0.0,-0.0,0.0,0.0,0.0,0.0,0.0,0.0,0.0,-0.0,0.0,0.0,0.0,0.0,0.0,-0.0,0.0,-0.0,-0.0,-0.0,-0.0,-0.0,-0.0,0.0,-0.0,0.0,0.0,-0.0,0.0,-0.0,0.0,-0.0,-0.0,-0.0,-0.0,-0.0,-0.0,0.0,-0.0,-0.0,-0.0,-0.0,-0.0,-0.0,-0.0,-0.0,-0.0,-0.01,-0.0,-0.09,-0.0,-0.0,-0.0,-0.0,-0.0,-0.0,-0.0,0.0,-0.0,-0.01,-0.0,-0.0,-0.0,0.0,-0.0,0.0,0.0,-0.0,-0.01,-0.01,-0.02,-0.04,-0.0,-0.0,-0.0,-0.0,-0.0,0.0
ARG  47,0.0,0.01,-0.35,0.03,0.08,-0.0,0.0,0.01,0.05,-0.4,0.0,0.02,0.04,,-0.09,0.02,0.02,0.07,0.0,0.01,0.01,-0.01,-0.0,0.01,0.04,0.01,-0.07,0.0,0.0,0.0,0.0,0.0,-0.0,0.0,-0.01,0.0,0.05,-0.2,-0.04,-0.02,-0.0,0.02,-0.03,-0.11,-0.01,-0.28,-0.03,-0.02,0.0,0.01,0.01,-0.0,-0.0,0.0,-0.0,0.03,-0.06,-0.01,-0.01,-0.0,-0.0,0.0,0.01,-0.0,-0.0,0.0,0.0,-0.0,-0.0,0.0,-0.0,-0.0,-0.0,-0.03,-0.0,-0.01,-0.0,0.0,0.0,-0.0,0.0,-0.0,-0.02,0.0,-0.01,0.0,0.0,-0.01,0.0,-0.0,-0.0,-0.0,0.01,0.03,0.05,-0.28,-16.09,-0.1,-0.01,-0.04,-0.0,-0.0,-0.0
PRO  48,0.0,-0.01,0.02,0.01,-0.0,-0.0,-0.0,-0.0,0.0,0.01,-0.0,-0.0,0.0,-0.09,,0.03,0.01,0.01,0.0,0.0,-0.0,0.0,0.0,-0.0,-0.0,-0.0,0.0,0.0,0.0,0.0,0.0,-0.0,-0.0,-0.0,-0.0,0.0,-0.0,0.01,0.01,-0.0,0.0,0.0,-0.03,-0.08,-0.0,-0.0,-0.0,-0.0,-0.0,-0.0,-0.0,-0.0,-0.0,-0.0,-0.0,-0.0,-0.01,-0.0,-0.0,-0.0,0.0,-0.0,-0.0,-0.0,-0.0,-0.0,-0.0,0.0,0.0,-0.0,0.0,0.0,0.0,0.0,-0.0,0.0,0.0,-0.0,-0.0,0.0,-0.0,0.0,0.0,-0.0,0.0,-0.0,-0.0,0.0,-0.0,0.0,0.0,0.0,-0.0,-0.0,0.0,-0.01,0.01,-0.0,-0.0,0.0,0.0,-0.0,-0.0
GLN  49,0.0,-0.0,0.1,0.01,-0.0,-0.0,-0.0,-0.0,0.0,0.0,-0.0,-0.0,0.0,0.02,0.02,,0.17,0.01,0.0,0.0,-0.0,0.0,0.0,0.0,-0.0,0.0,0.0,0.0,0.0,0.0,0.0,0.0,0.0,0.0,-0.0,0.0,0.0,0.0,0.0,-0.0,-1.53,-0.08,-2.61,-0.76,-0.01,-0.01,-0.01,-0.01,-0.0,-0.0,-0.0,-0.0,-0.0,-0.0,-0.0,-0.01,-0.02,-0.01,-0.01,-0.0,-0.0,-0.0,-0.0,-0.0,-0.0,-0.0,-0.0,0.0,0.0,-0.0,0.0,0.0,0.0,0.0,-0.0,0.0,0.0,-0.0,-0.0,-0.0,-0.0,0.0,0.0,-0.0,0.0,-0.0,-0.0,0.0,-0.0,-0.0,0.0,0.0,0.0,-0.0,0.0,-0.0,-0.01,-0.0,-0.0,0.0,0.0,-0.0,-0.0
VAL  50,0.0,-0.0,-0.0,-0.0,0.0,0.0,0.0,-0.0,-0.0,0.0,0.0,-0.0,-0.0,0.02,0.01,0.24,,0.11,0.0,0.0,-0.0,-0.0,-0.0,0.0,0.0,0.0,0.0,0.0,0.0,0.0,0.0,0.0,0.0,0.0,-0.01,0.0,0.0,0.01,0.0,-0.0,-0.43,-0.36,-1.41,-0.06,-0.01,-0.01,-0.02,-0.02,-0.01,-0.01,-0.0,-0.0,-0.0,0.0,-0.0,-0.0,-0.01,-0.0,-0.0,0.0,-0.0,-0.0,0.0,0.0,0.0,-0.0,0.0,-0.0,0.0,-0.0,0.0,0.0,0.0,0.0,0.0,-0.0,0.0,0.0,0.0,-0.0,0.0,0.0,0.0,0.0,0.0,0.0,0.0,0.0,0.0,-0.0,0.0,0.0,-0.0,-0.0,-0.0,-0.0,-0.01,-0.0,-0.0,-0.0,-0.0,-0.0,-0.0
ASN  51,0.0,-0.0,-0.0,0.0,0.0,0.0,0.0,0.0,-0.0,-0.0,0.0,0.0,0.0,0.07,0.01,0.01,0.12,,0.0,0.0,-0.0,-0.0,-0.0,0.0,0.0,0.0,-0.0,0.0,0.0,0.0,0.0,0.0,0.0,0.0,-0.01,0.0,-0.02,-0.14,-0.02,0.01,-0.02,-0.03,-0.36,-0.02,-0.01,-0.07,-0.07,-0.02,-0.07,-0.17,-0.01,-0.0,-0.0,0.0,-0.0,0.0,-0.01,-0.0,-0.0,0.0,-0.0,0.0,0.0,0.0,0.0,0.0,0.0,-0.0,0.0,-0.0,-0.0,0.0,-0.0,0.0,-0.0,-0.0,0.0,0.0,0.0,0.0,0.0,-0.0,-0.0,0.0,0.0,0.0,-0.0,-0.0,0.0,0.0,-0.0,-0.0,0.0,-0.0,-0.0,-0.01,-0.08,-0.0,-0.0,-0.0,-0.0,0.0,-0.0
LYS  66,0.0,0.0,0.0,0.0,0.0,0.0,0.0,0.0,0.0,0.0,0.0,0.0,0.0,0.0,0.0,0.0,0.0,0.0,,0.0,0.0,0.0,0.0,0.0,0.0,0.0,0.0,0.0,0.0,0.0,0.0,0.0,0.0,0.0,0.0,0.0,0.0,0.0,0.0,0.0,0.0,0.0,0.0,0.0,-0.0,-0.0,-0.0,0.0,0.0,0.0,0.0,0.0,0.0,0.0,-0.0,0.0,0.0,0.0,0.0,0.0,-0.0,0.0,0.0,0.0,-0.0,0.0,0.0,0.0,-0.0,0.0,-0.0,-0.0,-0.0,-0.0,0.0,-0.0,-0.0,0.0,0.0,0.0,0.0,-0.0,-0.0,0.0,-0.0,-0.0,0.0,-0.0,0.0,0.0,-0.0,0.0,0.0,-0.0,-0.0,0.0,-0.0,-0.0,0.0,-0.0,0.0,-0.0,-0.0
VAL  75,0.0,0.0,-0.0,0.0,0.0,0.0,0.0,0.0,0.0,-0.01,-0.0,0.0,0.0,0.01,0.0,0.0,0.0,0.0,0.0,,0.04,0.01,0.0,0.01,-0.01,-0.03,-0.0,0.0,0.0,0.0,0.0,0.0,0.0,-0.0,-0.0,0.0,-0.0,-0.0,-0.0,0.0,0.0,0.0,-0.0,-0.0,0.0,-0.01,-0.0,-0.0,-0.0,-0.0,-0.0,-0.0,-0.0,-0.0,0.0,0.0,-0.0,0.0,0.0,-0.0,0.0,0.0,-0.0,-0.0,-0.0,0.0,0.0,0.0,-0.0,-0.0,-0.0,-0.0,-0.0,-0.01,-0.01,-0.0,-0.0,-0.0,0.0,0.0,0.0,0.0,-0.0,-0.0,-0.0,0.0,0.0,-0.0,0.0,0.0,-0.0,-0.0,0.0,0.0,-0.04,-0.02,-0.02,-0.0,-0.0,-0.0,-0.0,0.0,-0.0
LYS  76,0.0,0.0,-0.0,0.0,0.0,0.0,0.0,0.0,0.0,-0.01,-0.0,0.01,0.0,0.01,-0.0,-0.0,-0.0,-0.0,0.0,0.04,,0.02,0.08,0.12,0.06,-0.02,0.01,0.0,0.0,0.0,0.0,0.0,0.0,-0.0,-0.0,0.0,0.0,0.0,0.0,-0.0,-0.0,-0.0,-0.0,-0.0,-0.0,-0.01,-0.0,0.0,-0.0,-0.0,0.01,0.0,-0.01,0.0,-0.0,0.0,-0.0,-0.0,-0.0,0.0,-0.0,0.0,0.08,-0.02,-0.0,-0.0,0.0,-0.0,-0.01,-0.02,-0.01,-0.0,0.0,-0.06,-0.02,-0.01,-0.0,-0.0,0.0,-0.0,0.0,-0.0,-0.01,0.0,-0.01,0.0,0.0,-0.0,0.0,-0.0,0.0,0.0,0.0,-0.0,-0.63,-0.06,-0.06,-0.01,0.0,-0.05,-0.01,-0.0,-0.0
SER  77,0.0,-0.0,0.0,0.0,0.0,0.0,0.0,0.0,0.0,0.01,0.0,0.02,0.0,-0.01,0.0,0.0,-0.0,-0.0,0.0,0.01,0.02,,0.51,0.53,0.55,-0.02,0.04,0.0,0.0,0.0,0.0,0.0,0.0,-0.0,-0.0,0.0,-0.01,-0.01,-0.0,-0.0,-0.0,-0.0,-0.0,-0.0,-0.0,-0.01,-0.0,0.0,-0.0,-0.0,-0.0,-0.0,-0.01,-0.0,-0.0,0.0,-0.0,-0.0,-0.0,0.0,-0.0,-0.0,0.0,-0.01,-0.0,-0.0,0.0,-0.0,0.0,-0.05,-0.01,-0.0,0.0,-0.02,-0.18,-0.02,-0.0,-0.0,0.0,-0.0,0.0,-0.0,-0.0,-0.0,-0.0,0.0,0.0,-0.0,0.0,-0.0,0.0,-0.0,0.04,-0.07,-8.45,-1.31,-0.1,-0.02,0.01,-0.03,-0.03,0.0,-0.0
LEU  78,0.0,-0.0,0.0,-0.0,0.0,0.0,-0.0,-0.0,-0.0,0.0,0.0,-0.0,-0.0,-0.0,0.0,0.0,-0.0,-0.0,0.0,0.0,0.08,0.53,,0.48,0.2,-0.01,-0.0,0.0,0.0,0.0,0.0,0.0,0.0,0.0,0.0,0.0,-0.0,-0.0,-0.0,-0.0,-0.0,-0.0,-0.0,-0.0,-0.0,-0.01,-0.0,0.0,0.0,-0.0,-0.0,0.0,-0.02,-0.0,0.0,0.0,-0.0,-0.0,-0.0,0.0,-0.0,-0.0,-0.04,-1.37,-0.03,-0.03,-0.03,-0.03,-0.11,-2.09,-0.07,-0.03,-0.02,-0.6,-1.43,-0.03,-0.01,-0.01,-0.0,-0.0,-0.0,-0.0,-0.01,-0.0,-0.0,-0.0,0.0,-0.0,0.0,-0.0,0.0,-0.0,-0.66,-0.46,-3.75,-0.16,-0.04,-0.02,-0.0,-0.05,-0.79,0.0,-0.0
LEU  79,0.0,0.0,-0.0,0.0,0.0,-0.0,0.0,0.0,0.0,-0.01,0.0,0.0,0.0,0.01,-0.0,0.0,0.0,0.0,0.0,0.01,0.12,0.53,0.48,,0.75,-0.02,-0.0,0.0,0.0,0.0,0.0,0.0,0.0,0.0,0.0,0.0,0.0,0.0,0.0,-0.0,-0.0,-0.0,-0.0,-0.0,-0.0,-0.03,-0.0,0.0,-0.0,-0.0,0.0,0.0,-1.13,-0.02,-0.0,0.0,-0.0,-0.0,0.0,0.0,-0.0,-0.0,-0.7,-1.09,-0.02,-0.01,-0.0,-0.01,-0.02,-0.03,-0.0,-0.0,-0.0,-0.01,-0.02,-0.0,-0.0,-0.0,-0.0,-0.0,0.0,-0.0,-0.0,-0.0,-0.0,0.0,0.0,-0.0,0.0,0.0,0.0,0.0,-0.02,-0.01,-6.32,-0.18,-0.04,-0.02,-0.0,-0.55,-0.84,-0.0,-0.0
THR  80,0.0,0.0,-0.0,0.0,0.0,0.0,0.0,0.0,0.0,-0.02,0.0,0.0,0.0,0.04,-0.0,-0.0,0.0,0.0,0.0,-0.01,0.06,0.58,0.2,0.74,,-0.09,0.04,0.0,0.0,0.0,0.0,0.0,0.0,0.0,0.0,0.0,0.09,0.05,0.0,-0.0,0.0,0.0,0.0,-0.0,0.0,-0.65,-0.0,-0.0,-0.0,-0.03,-0.03,-0.08,-0.6,-0.01,0.0,0.0,-0.01,-0.0,-0.0,0.0,0.0,-0.0,-0.0,-0.01,-0.0,-0.0,-0.0,-0.0,-0.0,-0.01,-0.0,-0.0,-0.0,0.0,-0.01,-0.0,-0.0,-0.0,0.0,0.0,0.0,0.0,0.0,-0.0,0.0,0.0,0.0,0.0,0.0,-0.0,0.0,0.0,0.02,0.05,-9.78,-1.49,-0.1,-0.04,0.01,-0.13,-0.03,-0.0,0.0
SER  81,0.0,0.0,-0.0,0.0,0.0,0.0,0.0,0.0,0.0,-0.01,0.0,0.0,0.0,0.01,-0.0,0.0,0.0,0.0,0.0,-0.03,-0.02,-0.02,-0.01,-0.02,-0.08,,0.01,0.0,0.0,0.0,0.0,0.0,0.0,0.0,0.0,-0.01,-0.06,0.01,0.0,-0.0,0.0,0.0,0.0,-0.0,0.0,-0.02,-0.0,-0.0,-0.0,-0.01,-0.01,-0.01,-0.03,-0.0,0.0,-0.0,-0.0,0.0,-0.0,-0.0,0.0,-0.0,-0.0,-0.0,-0.0,-0.0,-0.0,0.0,-0.0,-0.0,-0.0,-0.0,0.0,-0.0,-0.0,-0.0,-0.0,-0.0,-0.0,0.0,-0.0,0.0,-0.0,0.0,-0.0,-0.0,0.0,-0.0,0.0,0.0,0.0,0.0,-0.0,-0.0,0.11,-0.02,-0.0,-0.0,-0.0,0.0,-0.0,-0.0,0.0
MET  82,0.0,-0.0,0.0,-0.0,-0.0,0.0,-0.0,-0.0,-0.0,0.04,-0.0,-0.0,-0.0,-0.08,0.0,0.0,0.0,-0.0,0.0,-0.0,0.01,0.04,-0.0,-0.0,0.04,0.01,,0.0,0.0,0.0,0.0,0.0,0.0,0.0,0.01,-0.02,0.0,-0.02,0.0,-0.01,-0.0,-0.0,-0.0,-0.0,-0.0,-0.08,-0.0,-0.0,-0.0,-0.02,-0.01,-0.01,-0.01,-0.0,0.0,-0.0,-0.0,-0.0,-0.0,0.0,0.0,-0.0,-0.0,-0.0,-0.0,-0.0,0.0,-0.0,-0.0,-0.0,-0.0,-0.0,-0.0,-0.0,-0.01,-0.0,0.0,-0.0,0.0,0.0,0.0,-0.0,0.0,0.0,0.0,0.0,0.0,0.0,0.0,0.0,0.0,0.0,-0.0,-0.01,-0.08,-0.95,0.02,-0.0,-0.0,-0.0,-0.0,-0.0,0.0
GLN 103,0.0,0.0,0.0,0.0,0.0,0.0,0.0,0.0,0.0,0.0,0.0,0.0,0.0,0.0,0.0,0.0,0.0,0.0,0.0,0.0,0.0,0.0,0.0,0.0,0.0,0.0,0.0,,-0.0,-0.0,-0.0,-0.0,0.0,0.0,0.0,0.0,0.0,0.0,0.0,0.0,-0.0,0.0,-0.0,0.0,0.0,0.0,0.0,0.0,0.0,0.0,-0.0,0.0,0.0,-0.0,0.0,-0.0,0.0,0.0,0.0,0.0,0.0,0.0,-0.0,0.0,0.0,0.0,-0.0,0.0,0.0,-0.0,0.0,0.0,0.0,0.0,0.0,0.0,0.0,0.0,-0.0,0.0,0.0,0.0,0.0,0.0,0.0,0.0,0.0,0.0,0.0,0.0,0.0,0.0,0.0,0.0,0.0,-0.0,0.0,0.0,0.0,0.0,0.0,-0.0,0.0
ASN 104,0.0,0.0,0.0,0.0,0.0,0.0,0.0,0.0,0.0,0.0,0.0,0.0,0.0,0.0,0.0,0.0,0.0,0.0,0.0,0.0,0.0,0.0,0.0,0.0,0.0,0.0,0.0,-0.0,,0.0,0.0,-0.0,0.0,0.0,0.0,0.0,0.0,0.0,0.0,0.0,0.0,-0.0,0.0,0.0,0.0,0.0,0.0,0.0,-0.0,0.0,-0.0,0.0,0.0,0.0,0.0,-0.0,0.0,0.0,0.0,0.0,0.0,0.0,0.0,0.0,0.0,0.0,0.0,0.0,0.0,-0.0,0.0,0.0,0.0,0.0,0.0,0.0,0.0,0.0,0.0,0.0,0.0,0.0,0.0,0.0,0.0,0.0,0.0,0.0,0.0,0.0,0.0,0.0,0.0,0.0,0.0,-0.0,0.0,0.0,0.0,0.0,0.0,-0.0,0.0
LYS 106,0.0,0.0,0.0,0.0,0.0,0.0,0.0,0.0,0.0,0.0,0.0,0.0,0.0,0.0,0.0,0.0,0.0,0.0,0.0,0.0,0.0,0.0,0.0,0.0,0.0,0.0,0.0,-0.0,0.0,,-0.0,0.0,0.0,0.0,0.0,0.0,0.0,0.0,0.0,0.0,0.0,0.0,0.0,0.0,-0.0,-0.0,-0.0,-0.0,-0.0,0.0,0.0,-0.0,0.0,0.0,-0.0,0.0,0.0,0.0,0.0,0.0,-0.0,0.0,0.0,-0.0,0.0,0.0,0.0,-0.0,-0.0,0.0,-0.0,-0.0,0.0,-0.0,0.0,-0.0,0.0,0.0,0.0,0.0,0.0,-0.0,-0.0,0.0,-0.0,0.0,0.0,-0.0,0.0,0.0,-0.0,0.0,0.0,0.0,-0.0,0.0,-0.0,-0.0,0.0,-0.0,-0.0,-0.01,-0.0
VAL 107,0.0,0.0,0.0,0.0,0.0,0.0,0.0,0.0,0.0,0.0,0.0,0.0,0.0,0.0,0.0,0.0,0.0,0.0,0.0,0.0,0.0,0.0,0.0,0.0,0.0,0.0,0.0,-0.0,0.0,-0.0,,-0.0,0.0,0.0,-0.0,0.0,0.0,0.0,0.0,0.0,0.0,0.0,0.0,0.0,0.0,0.0,0.0,0.0,0.0,0.0,-0.0,0.0,0.0,0.0,0.0,0.0,0.0,0.0,0.0,0.0,0.0,0.0,-0.0,0.0,0.0,0.0,0.0,0.0,0.0,0.0,0.0,0.0,0.0,-0.0,0.0,0.0,0.0,0.0,0.0,0.0,0.0,0.0,-0.0,0.0,-0.0,0.0,0.0,0.0,0.0,0.0,0.0,0.0,0.0,0.0,0.0,-0.0,-0.0,0.0,0.0,0.0,-0.0,-0.0,0.0
LYS 108,0.0,0.0,0.0,0.0,0.0,0.0,0.0,0.0,0.0,0.0,0.0,0.0,0.0,0.0,-0.0,0.0,0.0,0.0,0.0,0.0,0.0,0.0,0.0,0.0,0.0,0.0,0.0,-0.0,-0.0,0.0,-0.0,,0.0,-0.0,-0.0,-0.0,0.0,0.0,0.0,0.0,0.0,0.0,0.0,0.0,-0.0,-0.0,-0.0,-0.0,-0.0,0.0,0.0,-0.0,0.0,0.0,-0.0,0.0,0.0,0.0,0.0,0.0,-0.0,0.0,0.0,0.0,0.0,0.0,0.0,-0.0,-0.0,0.0,-0.0,-0.0,-0.0,-0.0,0.0,-0.0,0.0,0.0,0.0,0.0,0.0,-0.0,-0.0,0.0,-0.0,0.0,0.0,-0.0,0.0,-0.0,-0.0,0.0,0.0,-0.0,-0.0,0.0,-0.0,-0.0,0.0,-0.0,-0.0,-0.03,-0.0
VAL 109,0.0,0.0,0.0,0.0,0.0,0.0,0.0,0.0,0.0,0.0,0.0,0.0,0.0,-0.0,-0.0,0.0,0.0,0.0,0.0,0.0,0.0,0.0,0.0,0.0,0.0,0.0,0.0,0.0,0.0,0.0,0.0,0.0,,0.0,-0.0,-0.0,0.0,0.0,0.0,0.0,0.0,0.0,0.0,0.0,-0.0,-0.0,-0.0,0.0,-0.0,-0.0,0.0,0.0,0.0,0.0,-0.0,0.0,0.0,0.0,0.0,0.0,0.0,0.0,0.0,0.0,0.0,0.0,0.0,0.0,0.0,0.0,0.0,-0.0,-0.0,-0.0,0.0,0.0,0.0,0.0,0.0,0.0,0.0,0.0,-0.0,0.0,-0.0,0.0,0.0,-0.0,0.0,-0.0,0.0,0.0,0.0,0.0,-0.0,0.0,-0.0,0.0,0.0,-0.0,-0.0,-0.0,-0.0
GLN 111,0.0,0.0,0.0,0.0,0.0,0.0,0.0,0.0,0.0,0.0,0.0,0.0,0.0,0.0,-0.0,0.0,0.0,0.0,0.0,-0.0,-0.0,-0.0,0.0,0.0,0.0,0.0,0.0,0.0,0.0,0.0,0.0,-0.0,0.0,,0.0,0.0,0.0,0.0,0.0,0.0,0.0,0.0,-0.0,0.0,-0.0,-0.0,-0.0,0.0,-0.0,0.0,0.0,-0.0,0.0,0.0,0.0,0.0,0.0,0.0,0.0,0.0,0.0,0.0,0.0,0.0,0.0,0.0,0.0,0.0,-0.0,-0.0,0.0,0.0,-0.0,-0.0,0.0,-0.0,0.0,-0.0,0.0,0.0,0.0,0.0,-0.0,0.0,-0.0,0.0,0.0,-0.0,0.0,0.0,0.0,0.0,-0.0,0.0,-0.0,0.0,-0.0,-0.0,0.0,-0.0,-0.0,-0.0,-0.0
TRP 140,0.0,-0.0,0.0,0.0,0.0,0.0,0.0,-0.0,-0.0,0.0,0.0,-0.0,-0.0,-0.01,-0.0,-0.0,-0.01,-0.01,0.0,-0.0,-0.0,-0.0,0.0,0.0,0.0,0.0,0.01,0.0,0.0,0.0,-0.0,-0.0,-0.0,0.0,,0.01,0.02,-0.03,-0.01,0.0,-0.0,-0.01,-0.01,-0.0,-0.0,-0.02,-0.01,-0.0,-0.02,-0.06,-0.01,-0.0,-0.0,-0.0,-0.0,0.0,-0.0,-0.0,0.0,0.0,-0.0,0.0,0.0,0.0,-0.0,0.0,0.0,-0.0,-0.0,0.0,-0.0,-0.0,0.0,-0.0,0.0,-0.0,0.0,0.0,0.0,-0.0,0.0,-0.0,-0.0,0.0,-0.0,0.0,0.0,-0.0,0.0,-0.0,-0.0,0.0,-0.0,-0.0,-0.01,-0.01,-0.01,-0.0,-0.0,-0.0,-0.0,0.0,-0.0
VAL 141,0.0,0.0,-0.0,0.0,0.0,-0.0,0.0,0.0,0.0,-0.0,0.0,0.0,0.0,0.0,0.0,0.0,0.0,0.0,0.0,0.0,0.0,0.0,0.0,0.0,0.0,-0.01,-0.02,0.0,0.0,0.0,0.0,-0.0,-0.0,0.0,0.01,,-0.03,0.01,0.0,0.0,0.0,0.0,-0.0,-0.0,-0.0,-0.04,-0.0,-0.0,0.0,-0.02,-0.02,-0.0,-0.01,-0.0,0.0,-0.0,-0.0,-0.0,-0.0,0.0,0.0,-0.0,-0.0,-0.0,0.0,-0.0,-0.0,0.0,0.0,-0.0,0.0,0.0,0.0,0.0,-0.0,0.0,0.0,-0.0,-0.0,0.0,-0.0,0.0,0.0,-0.0,0.0,0.0,-0.0,0.0,0.0,0.0,0.0,0.0,0.0,-0.0,-0.0,-0.01,-0.0,-0.0,0.0,-0.0,-0.0,-0.0,0.0
HID 142,0.0,0.0,-0.0,-0.0,0.0,-0.0,0.0,0.0,0.0,-0.01,0.0,0.0,0.0,0.05,-0.0,0.0,0.0,-0.02,0.0,-0.0,0.0,-0.01,-0.0,0.0,0.09,-0.06,0.0,0.0,0.0,0.0,0.0,0.0,0.0,0.0,0.02,-0.03,,-0.05,-0.0,-0.01,-0.0,0.0,-0.0,-0.0,-0.0,-0.67,-0.01,-0.0,-0.02,-1.06,-0.26,-0.08,-0.18,-0.01,0.0,-0.0,-0.01,0.0,-0.0,-0.0,0.0,-0.0,-0.0,-0.0,-0.0,0.0,0.0,-0.0,-0.0,-0.0,-0.0,-0.0,-0.0,-0.0,-0.0,-0.0,0.0,0.0,0.0,0.0,0.0,-0.0,-0.0,0.0,-0.0,0.0,0.0,-0.0,0.0,-0.0,0.0,-0.0,-0.0,-0.0,-0.02,-0.07,-0.04,-0.0,-0.0,-0.01,-0.0,0.0,0.0
GLN 143,0.0,0.0,0.01,0.0,0.0,-0.0,0.0,0.0,0.0,-0.03,0.0,0.0,0.0,-0.2,0.01,0.0,0.01,-0.15,0.0,-0.0,0.0,-0.01,-0.0,0.0,0.06,0.01,-0.01,0.0,0.0,0.0,0.0,0.0,0.0,0.0,-0.03,0.01,-0.05,,-0.02,-0.01,-0.0,-0.01,-0.07,-0.01,-0.01,-1.98,-0.13,-0.01,-0.0,-1.03,-0.04,-0.01,-0.01,-0.0,-0.0,-0.0,-0.03,-0.0,-0.0,-0.0,0.0,-0.0,0.0,-0.0,0.0,0.0,0.0,-0.0,-0.0,-0.0,0.0,0.0,0.0,-0.0,-0.0,-0.0,0.0,-0.0,0.0,-0.0,0.0,-0.0,0.0,0.0,0.0,-0.0,-0.0,0.0,-0.0,-0.0,0.0,0.0,0.0,0.0,0.0,-0.45,-0.19,-0.01,-0.0,-0.01,-0.0,-0.0,0.0
ILE 144,0.0,0.0,-0.0,0.0,0.0,-0.0,0.0,0.0,0.0,-0.0,0.0,0.0,0.0,-0.04,0.01,0.0,0.0,-0.02,0.0,-0.0,0.0,-0.0,-0.0,0.0,0.0,0.0,0.0,0.0,0.0,0.0,0.0,0.0,0.0,0.0,-0.01,0.0,-0.0,-0.02,,0.02,-0.0,-0.0,-0.01,-0.01,-0.0,-0.01,-0.0,-0.0,-0.01,-0.01,-0.0,-0.0,-0.0,-0.0,-0.0,-0.0,-0.0,0.0,-0.0,-0.0,0.0,-0.0,-0.0,-0.0,0.0,-0.0,-0.0,0.0,0.0,-0.0,0.0,0.0,0.0,0.0,-0.0,-0.0,0.0,-0.0,-0.0,0.0,0.0,0.0,0.0,-0.0,0.0,-0.0,-0.0,0.0,-0.0,0.0,0.0,0.0,0.0,-0.0,0.0,-0.01,-0.0,-0.0,-0.0,0.0,0.0,-0.0,0.0
ALA 145,0.0,0.0,0.0,-0.0,-0.0,0.0,0.0,0.0,0.0,-0.01,0.0,0.0,0.0,-0.02,-0.0,-0.0,-0.0,0.01,0.0,0.0,-0.0,-0.0,-0.0,-0.0,-0.0,-0.0,-0.01,0.0,0.0,0.0,0.0,0.0,0.0,0.0,0.0,0.0,-0.01,-0.01,0.02,,-0.0,-0.0,-0.0,-0.0,-0.0,-0.0,-0.0,0.0,-0.0,-0.0,-0.0,-0.0,-0.0,-0.0,-0.0,0.0,-0.0,0.0,0.0,0.0,-0.0,0.0,0.0,0.0,-0.0,0.0,0.0,-0.0,-0.0,0.0,-0.0,-0.0,-0.0,-0.0,-0.0,-0.0,-0.0,0.0,0.0,0.0,-0.0,0.0,-0.0,0.0,-0.0,0.0,0.0,-0.0,0.0,0.0,0.0,-0.0,0.0,-0.0,-0.0,-0.01,-0.0,-0.0,0.0,0.0,-0.0,0.0,-0.0
SER 185,0.0,-0.0,-0.05,-0.01,-0.01,-0.0,-0.0,-0.0,-0.0,-0.0,-0.0,-0.0,-0.0,-0.0,0.0,-1.53,-0.42,-0.02,0.0,0.0,-0.0,-0.0,-0.0,-0.0,0.0,0.0,-0.0,-0.0,0.0,0.0,0.0,0.0,0.0,0.0,-0.0,0.0,-0.0,-0.0,-0.0,-0.0,,0.0,0.02,0.02,0.01,0.0,0.0,0.0,-0.0,0.0,-0.0,-0.0,-0.0,0.0,0.0,-0.0,0.0,0.0,-0.0,-0.0,0.0,0.0,0.0,0.0,0.0,0.0,0.0,0.0,0.0,0.0,0.0,0.0,0.0,0.0,0.0,0.0,0.0,-0.0,0.0,0.0,0.0,0.0,0.0,0.0,0.0,0.0,0.0,0.0,0.0,0.0,0.0,0.0,0.0,-0.0,0.0,-0.0,-0.0,-0.0,-0.0,-0.0,0.0,-0.0,-0.0
SER 186,-0.0,0.0,-0.05,-0.0,-0.0,-0.0,-0.0,-0.0,-0.0,-0.0,0.0,-0.0,0.0,0.02,0.0,-0.08,-0.34,-0.03,0.0,0.0,-0.0,-0.0,-0.0,-0.0,0.0,0.0,-0.0,0.0,-0.0,0.0,0.0,0.0,0.0,0.0,-0.01,0.0,0.0,-0.01,-0.0,-0.0,0.01,,0.03,0.0,0.0,-0.02,-0.05,0.02,0.0,0.0,-0.0,-0.0,-0.0,-0.0,0.0,0.01,-0.0,-0.0,-0.0,-0.0,0.0,0.0,0.0,0.0,0.0,0.0,0.0,0.0,0.0,0.0,0.0,0.0,0.0,0.0,0.0,-0.0,0.0,-0.0,-0.0,0.0,0.0,0.0,0.0,0.0,0.0,0.0,0.0,0.0,0.0,0.0,0.0,0.0,0.0,0.0,0.0,0.0,-0.01,-0.0,-0.0,-0.0,-0.0,-0.0,0.0
SER 187,0.0,0.01,-1.09,-0.03,-0.03,-0.0,-0.0,-0.0,0.0,-0.02,0.0,-0.0,-0.0,-0.03,-0.03,-2.62,-1.39,-0.36,0.0,-0.0,-0.0,-0.0,-0.0,-0.0,0.0,0.0,-0.0,-0.0,0.0,0.0,0.0,0.0,0.0,-0.0,-0.01,-0.0,-0.0,-0.07,-0.01,-0.0,0.02,0.03,,0.04,-0.0,-0.01,0.03,0.01,0.0,0.0,-0.0,-0.0,-0.0,0.0,-0.0,0.03,-0.07,-0.0,-0.0,-0.0,0.0,0.0,0.0,0.0,0.0,0.0,0.0,0.0,0.0,0.0,0.0,0.0,0.0,0.0,0.0,-0.0,0.0,-0.0,-0.0,0.0,0.0,-0.0,0.0,-0.0,0.0,0.0,0.0,0.0,0.0,0.0,0.0,0.0,0.0,0.0,0.0,0.0,0.02,0.0,-0.0,-0.0,-0.0,-0.0,0.0
TYR 188,0.0,-0.15,-2.39,-3.0,-0.97,-0.06,-0.01,-0.03,-0.03,-0.02,0.0,-0.0,-0.0,-0.11,-0.08,-0.75,-0.06,-0.02,0.0,-0.0,-0.0,-0.0,-0.0,-0.0,-0.0,-0.0,-0.0,0.0,0.0,0.0,0.0,0.0,0.0,0.0,-0.0,-0.0,-0.0,-0.01,-0.01,-0.0,0.02,0.0,0.07,,0.01,-0.0,-0.0,0.01,-0.0,-0.0,0.0,-0.0,-0.0,0.0,-0.0,-0.11,0.14,0.05,0.06,-0.0,-0.0,-0.0,0.0,0.0,0.0,0.0,0.0,0.0,0.0,0.0,0.0,0.0,0.0,-0.0,-0.0,0.0,0.0,-0.0,-0.0,-0.0,0.0,0.0,0.0,0.0,0.0,0.0,0.0,0.0,0.0,-0.0,0.0,0.0,0.0,0.0,0.0,-0.0,0.03,0.0,-0.0,-0.0,-0.0,0.0,0.0
LEU 189,-0.0,-0.0,-0.01,-0.0,-0.01,-0.0,-0.0,-0.0,-0.0,-0.0,0.0,-0.0,-0.0,-0.01,-0.0,-0.01,-0.01,-0.01,-0.0,0.0,-0.0,-0.0,-0.0,-0.0,0.0,0.0,-0.0,0.0,0.0,-0.0,0.0,-0.0,-0.0,-0.0,-0.0,-0.0,-0.0,-0.01,-0.0,-0.0,0.01,0.0,-0.0,0.01,,-0.05,-0.03,-0.02,-0.0,-0.0,0.0,0.0,-0.0,-0.0,0.0,-0.02,0.02,0.0,0.0,0.0,0.0,0.0,0.0,0.0,0.0,0.0,0.0,0.0,0.0,0.0,0.0,0.0,0.0,0.0,0.0,-0.0,0.0,-0.0,-0.0,0.0,0.0,0.0,0.0,0.0,0.0,0.0,0.0,0.0,0.0,0.0,0.0,0.0,0.0,0.0,0.0,0.0,0.0,0.0,-0.0,-0.0,-0.0,0.0,0.0
TYR 205,-0.0,-0.0,-0.06,-0.0,-0.01,-0.0,-0.0,-0.0,-0.0,-0.01,-0.0,-0.0,-0.0,-0.28,-0.0,-0.01,-0.01,-0.07,-0.0,-0.01,-0.01,-0.01,-0.01,-0.03,-0.64,-0.02,-0.08,0.0,0.0,-0.0,0.0,-0.0,-0.0,-0.0,-0.02,-0.04,-0.65,-1.97,-0.01,-0.0,0.0,-0.02,-0.01,-0.0,-0.05,,0.07,0.01,-0.08,0.05,0.0,0.0,0.0,0.0,0.0,0.0,-0.03,-0.0,-0.0,-0.0,0.0,0.0,-0.0,-0.0,-0.0,-0.0,0.0,0.0,0.0,0.0,0.0,0.0,0.0,-0.0,-0.0,0.0,0.0,-0.0,-0.0,0.0,-0.0,0.0,0.0,0.0,0.0,0.0,0.0,0.0,0.0,0.0,0.0,0.0,-0.0,-0.02,-0.01,0.09,0.04,0.0,-0.0,0.01,0.0,0.0,0.0
GLY 206,0.0,-0.0,-0.04,-0.0,-0.0,-0.0,0.0,-0.0,-0.0,-0.0,0.0,0.0,-0.0,-0.03,-0.0,-0.01,-0.02,-0.07,-0.0,-0.0,-0.0,-0.0,-0.0,-0.0,-0.0,-0.0,-0.0,0.0,0.0,-0.0,0.0,-0.0,-0.0,-0.0,-0.01,-0.0,-0.01,-0.13,-0.0,-0.0,0.0,-0.05,0.03,-0.0,-0.03,0.07,,0.01,-0.02,0.01,-0.0,-0.0,0.0,0.0,0.0,0.0,-0.04,-0.0,-0.0,0.0,-0.0,0.0,0.0,-0.0,0.0,0.0,0.0,0.0,0.0,0.0,0.0,-0.0,0.0,-0.0,-0.0,0.0,-0.0,0.0,0.0,-0.0,0.0,0.0,-0.0,0.0,0.0,0.0,0.0,0.0,0.0,0.0,0.0,0.0,-0.0,-0.0,-0.0,-0.0,0.02,-0.0,0.0,0.0,0.0,0.0,-0.0
ALA 207,0.0,-0.0,0.0,-0.0,-0.0,-0.0,0.0,-0.0,-0.0,-0.0,-0.0,0.0,-0.0,-0.02,-0.0,-0.01,-0.02,-0.02,0.0,-0.0,0.0,0.0,0.0,0.0,-0.0,-0.0,-0.0,0.0,0.0,-0.0,0.0,-0.0,0.0,0.0,-0.0,-0.0,-0.0,-0.01,-0.0,0.0,0.0,0.02,0.01,0.01,-0.02,0.01,0.01,,0.02,0.0,-0.0,-0.0,-0.0,0.0,-0.0,-0.0,-0.0,0.0,0.0,0.0,-0.0,-0.0,0.0,0.0,0.0,0.0,0.0,0.0,0.0,0.0,0.0,0.0,0.0,0.0,-0.0,0.0,-0.0,0.0,0.0,-0.0,0.0,0.0,0.0,0.0,0.0,0.0,0.0,0.0,0.0,0.0,0.0,0.0,-0.0,-0.0,-0.0,-0.0,0.01,0.0,0.0,0.0,0.0,-0.0,0.0
SER 208,0.0,-0.0,-0.0,-0.0,-0.0,-0.0,0.0,-0.0,0.0,-0.0,0.0,0.0,0.0,0.0,-0.0,-0.0,-0.01,-0.07,0.0,-0.0,-0.0,-0.0,0.0,-0.0,-0.0,-0.0,-0.0,0.0,-0.0,-0.0,0.0,-0.0,-0.0,-0.0,-0.02,0.0,-0.02,-0.0,-0.01,-0.0,-0.0,0.0,0.0,-0.0,-0.0,-0.08,-0.02,0.02,,-0.0,0.0,-0.0,-0.0,-0.0,0.0,-0.0,-0.0,0.0,0.0,0.0,-0.0,-0.0,0.0,0.0,0.0,0.0,0.0,0.0,0.0,0.0,0.0,0.0,0.0,0.0,0.0,0.0,0.0,0.0,0.0,0.0,0.0,0.0,0.0,0.0,0.0,0.0,0.0,0.0,0.0,0.0,0.0,0.0,0.0,0.0,0.0,-0.0,-0.0,-0.0,0.0,-0.0,-0.0,0.0,0.0
THR 209,0.0,-0.0,-0.01,-0.0,-0.0,-0.0,0.0,-0.0,0.0,-0.01,-0.0,-0.0,-0.0,0.01,-0.0,-0.0,-0.01,-0.16,0.0,-0.0,-0.0,-0.0,-0.0,-0.0,-0.03,-0.01,-0.02,0.0,0.0,0.0,0.0,0.0,-0.0,0.0,-0.06,-0.02,-1.07,-1.02,-0.01,-0.0,0.0,0.0,0.0,-0.0,-0.0,0.05,0.01,0.0,-0.0,,0.0,-0.01,-0.0,-0.0,-0.0,0.0,-0.01,-0.0,-0.0,0.0,0.0,0.0,0.0,0.0,0.0,0.0,0.0,0.0,0.0,0.0,0.0,0.0,0.0,0.0,0.0,-0.0,0.0,-0.0,0.0,0.0,0.0,0.0,0.0,0.0,0.0,0.0,0.0,0.0,0.0,0.0,0.0,0.0,0.0,0.0,0.0,0.0,-0.01,-0.0,0.0,-0.0,-0.0,0.0,0.0
ARG 210,0.0,0.0,-0.0,-0.0,-0.0,-0.0,-0.0,-0.0,0.0,-0.0,-0.0,0.0,0.0,0.01,-0.0,-0.0,-0.0,-0.01,0.0,-0.0,0.01,-0.0,-0.0,0.0,-0.03,-0.01,-0.01,-0.0,-0.0,0.0,-0.0,0.0,0.0,0.0,-0.01,-0.02,-0.25,-0.04,-0.0,-0.0,-0.0,-0.0,-0.0,0.0,0.0,0.0,-0.0,-0.0,0.0,0.0,,-0.02,0.01,0.0,0.0,0.0,-0.0,0.0,0.0,0.0,0.0,0.0,0.0,0.0,-0.0,0.0,0.0,0.0,0.0,0.0,0.0,0.0,0.0,0.0,0.0,-0.0,0.0,0.0,0.0,0.0,0.0,0.0,0.0,0.0,0.0,0.0,0.0,0.0,0.0,0.0,0.0,0.0,0.0,0.0,-0.01,-0.0,0.0,-0.0,0.0,-0.02,-0.0,0.0,0.0
ALA 211,-0.0,0.0,-0.0,-0.0,-0.0,-0.0,-0.0,0.0,0.0,-0.0,-0.0,0.0,0.0,-0.0,-0.0,-0.0,-0.0,-0.0,0.0,-0.0,0.0,-0.0,0.0,0.0,-0.08,-0.01,-0.01,0.0,0.0,-0.0,0.0,-0.0,0.0,-0.0,-0.0,-0.0,-0.08,-0.01,-0.0,-0.0,-0.0,-0.0,-0.0,-0.0,0.0,0.0,-0.0,-0.0,-0.0,-0.01,-0.02,,-0.02,-0.01,0.0,-0.0,0.0,0.0,0.0,0.0,0.0,-0.0,0.0,0.0,-0.0,0.0,0.0,0.0,0.0,-0.0,0.0,0.0,0.0,0.0,0.0,0.0,-0.0,0.0,0.0,0.0,0.0,0.0,0.0,0.0,0.0,0.0,0.0,0.0,0.0,0.0,0.0,0.0,0.0,0.0,-0.04,-0.02,-0.0,-0.0,0.0,-0.08,-0.0,0.0,0.0
THR 212,0.0,0.0,-0.0,0.0,-0.0,-0.0,-0.0,0.0,0.0,-0.0,-0.0,-0.0,-0.0,-0.0,-0.0,-0.0,-0.0,-0.0,0.0,-0.0,-0.01,-0.01,-0.02,-1.11,-0.58,-0.03,-0.01,0.0,0.0,0.0,0.0,0.0,0.0,0.0,-0.0,-0.01,-0.18,-0.01,-0.0,-0.0,-0.0,-0.0,-0.0,-0.0,-0.0,0.0,0.0,-0.0,-0.0,-0.0,0.01,-0.02,,-0.01,0.0,-0.0,0.0,0.0,0.0,0.0,0.0,-0.0,0.0,0.0,-0.0,0.0,0.0,0.0,0.0,-0.0,0.0,0.0,0.0,0.0,0.0,-0.0,0.0,0.0,0.0,0.0,0.0,0.0,0.0,0.0,0.0,0.0,0.0,0.0,0.0,0.0,0.0,0.0,0.0,0.0,0.02,-0.01,-0.0,-0.0,0.0,-0.13,-0.0,0.0,0.0
GLY 213,0.0,0.0,0.0,0.0,0.0,-0.0,-0.0,0.0,0.0,0.0,-0.0,0.0,0.0,0.0,-0.0,-0.0,0.0,0.0,0.0,-0.0,0.0,-0.0,-0.0,-0.02,-0.01,-0.0,-0.0,-0.0,0.0,0.0,0.0,0.0,0.0,0.0,-0.0,-0.0,-0.01,-0.0,-0.0,-0.0,0.0,-0.0,0.0,0.0,-0.0,0.0,0.0,0.0,-0.0,-0.0,0.0,-0.01,-0.01,,0.0,0.0,0.0,0.0,0.0,0.0,0.0,0.0,-0.0,-0.0,0.0,0.0,0.0,0.0,0.0,0.0,0.0,0.0,0.0,0.0,0.0,0.0,0.0,0.0,0.0,0.0,0.0,0.0,0.0,0.0,0.0,0.0,0.0,0.0,0.0,0.0,0.0,0.0,-0.0,-0.0,0.0,0.0,0.0,-0.0,-0.0,0.01,0.0,0.0,0.0
SER 223,-0.0,0.0,-0.0,0.0,0.0,-0.0,-0.0,0.0,-0.0,0.0,0.0,-0.0,-0.0,-0.0,-0.0,-0.0,-0.0,-0.0,-0.0,0.0,-0.0,-0.0,0.0,-0.0,0.0,0.0,0.0,0.0,0.0,-0.0,0.0,-0.0,-0.0,0.0,-0.0,0.0,0.0,-0.0,-0.0,-0.0,0.0,0.0,-0.0,-0.0,0.0,0.0,0.0,-0.0,0.0,-0.0,0.0,0.0,0.0,0.0,,0.0,-0.0,-0.0,0.0,0.0,0.0,0.0,0.0,0.0,0.0,0.0,0.0,0.0,0.0,0.0,0.0,0.0,0.0,0.0,0.0,0.0,0.0,0.0,0.0,0.0,0.0,0.0,0.0,0.0,0.0,0.0,0.0,0.0,0.0,0.0,0.0,0.0,0.0,0.0,-0.0,0.0,0.0,0.0,0.0,0.0,0.0,-0.0,-0.0
LYS 246,0.0,-0.0,-0.02,-0.01,-0.07,-0.01,-0.01,-0.01,-0.0,-0.0,-0.0,0.01,0.0,0.03,-0.0,-0.01,-0.0,0.0,0.0,0.0,0.0,0.0,0.0,0.0,0.0,-0.0,-0.0,-0.0,-0.0,0.0,0.0,0.0,0.0,0.0,0.0,-0.0,-0.0,-0.0,-0.0,0.0,-0.0,0.01,0.03,-0.11,-0.02,0.0,0.0,-0.0,-0.0,0.0,0.0,-0.0,-0.0,0.0,0.0,,-0.05,-0.04,-0.03,0.0,-0.02,-0.01,0.0,0.0,0.0,0.0,0.0,0.0,0.0,0.0,0.0,0.0,0.0,0.0,0.0,-0.0,0.0,-0.0,-0.0,0.0,0.0,0.0,0.0,-0.0,0.0,0.0,0.0,0.0,0.0,0.0,0.0,-0.0,0.0,0.0,0.0,0.0,-0.0,-0.0,-0.0,-0.0,-0.0,0.0,-0.0
TYR 247,0.0,-0.01,-0.52,-0.06,-1.93,-0.18,-0.02,-0.02,-0.01,-0.01,-0.0,0.0,-0.0,-0.06,-0.01,-0.02,-0.01,-0.01,0.0,-0.0,-0.0,-0.0,-0.0,-0.0,-0.01,-0.0,-0.0,0.0,0.0,0.0,0.0,0.0,0.0,0.0,-0.0,-0.0,-0.01,-0.03,-0.0,-0.0,0.0,-0.0,-0.06,0.12,0.02,-0.03,-0.04,-0.0,-0.0,-0.01,-0.0,0.0,0.0,0.0,-0.0,-0.05,,0.01,-0.0,0.01,-0.05,0.01,0.0,-0.0,0.0,-0.0,0.0,0.0,0.0,0.0,0.0,-0.0,0.0,-0.0,-0.0,0.0,-0.0,0.0,-0.01,0.0,0.0,-0.0,0.0,0.0,0.0,0.0,0.0,0.0,0.0,0.0,0.0,-0.0,-0.01,-0.01,-0.02,-0.02,0.17,0.01,0.01,0.01,0.0,0.0,-0.0
GLY 248,0.0,-0.0,-0.03,-0.26,-1.51,-1.44,0.01,-0.02,-0.01,-0.01,-0.0,-0.0,-0.0,-0.01,-0.0,-0.01,-0.0,-0.0,0.0,0.0,-0.0,-0.0,-0.0,-0.0,-0.0,0.0,-0.0,0.0,0.0,0.0,0.0,0.0,0.0,0.0,-0.0,-0.0,0.0,-0.0,0.0,0.0,0.0,-0.0,-0.0,0.07,0.0,-0.0,-0.0,0.0,0.0,-0.0,0.0,0.0,0.0,0.0,-0.0,-0.04,0.0,,0.07,0.03,0.03,0.05,0.0,0.0,0.0,0.0,0.0,0.0,0.0,0.0,0.0,0.0,0.0,0.0,-0.0,0.0,-0.0,0.0,0.01,-0.0,-0.0,0.0,-0.0,0.0,0.0,0.0,0.0,0.0,-0.0,-0.0,-0.0,-0.0,-0.0,0.0,-0.0,-0.0,-0.0,0.0,0.0,0.0,0.0,0.0,-0.0
THR 249,0.0,-0.03,-0.04,-1.42,-1.38,-1.94,-0.25,-0.08,-0.08,-0.01,-0.0,-0.0,-0.0,-0.01,-0.0,-0.01,-0.0,-0.0,0.0,0.0,-0.0,-0.0,-0.0,0.0,-0.0,-0.0,-0.0,0.0,0.0,0.0,0.0,0.0,0.0,0.0,0.0,-0.0,-0.0,-0.0,-0.0,0.0,-0.0,-0.0,-0.0,0.07,0.0,-0.0,-0.0,0.0,0.0,-0.0,0.0,0.0,0.0,0.0,0.0,-0.03,-0.0,0.14,,-0.01,0.0,-0.01,0.0,0.0,0.0,0.0,0.0,0.0,0.0,0.0,0.0,0.0,0.0,0.0,0.0,-0.0,0.0,-0.0,-0.01,0.0,0.0,0.0,0.0,-0.0,0.0,0.0,0.0,0.0,0.0,0.01,-0.0,-0.0,0.0,-0.0,-0.0,-0.0,0.0,0.0,-0.0,0.0,0.0,0.0,0.0
SER 250,0.0,-0.0,-0.01,-0.04,-0.14,-1.17,-0.08,-0.01,-0.0,-0.0,-0.0,-0.0,-0.0,-0.0,-0.0,-0.0,0.0,0.0,0.0,-0.0,0.0,0.0,0.0,0.0,0.0,-0.0,0.0,0.0,0.0,0.0,0.0,0.0,0.0,0.0,0.0,0.0,-0.0,-0.0,-0.0,0.0,-0.0,-0.0,-0.0,-0.0,0.0,-0.0,0.0,0.0,0.0,0.0,0.0,0.0,0.0,0.0,0.0,0.0,0.01,0.04,0.04,,0.0,-0.01,0.0,0.0,0.0,0.0,0.0,0.0,0.0,0.0,0.0,-0.0,-0.0,0.0,0.0,0.0,0.0,-0.0,0.0,0.0,0.0,-0.0,0.0,-0.0,-0.0,-0.0,0.0,0.0,0.0,0.05,0.0,-0.0,0.0,-0.0,-0.0,-0.0,-0.0,0.0,-0.0,-0.0,0.0,0.0,-0.0
ALA 251,-0.0,-0.0,-0.0,-0.01,-0.04,-0.61,-0.02,-0.0,-0.0,-0.0,-0.0,-0.0,-0.0,-0.0,0.0,-0.0,-0.0,-0.0,-0.0,0.0,-0.0,-0.0,-0.0,-0.0,0.0,0.0,0.0,0.0,0.0,-0.0,0.0,-0.0,0.0,0.0,-0.0,0.0,0.0,0.0,0.0,-0.0,0.0,0.0,0.0,-0.0,0.0,0.0,-0.0,-0.0,-0.0,0.0,0.0,0.0,0.0,0.0,0.0,-0.02,-0.05,0.04,0.01,0.02,,0.02,0.0,0.0,0.0,0.0,0.0,0.0,0.0,0.0,0.0,0.0,0.0,0.0,0.0,0.0,0.0,-0.01,-0.03,0.0,0.0,-0.0,-0.0,-0.0,-0.0,-0.0,-0.0,-0.0,-0.0,0.0,0.0,-0.0,0.0,-0.0,0.0,0.0,0.0,0.0,-0.0,-0.0,0.0,0.0,-0.0
ILE 252,0.0,-0.0,-0.01,-0.01,-0.13,-0.89,-0.01,-0.0,-0.0,-0.0,-0.0,-0.0,-0.0,0.0,-0.0,-0.0,-0.0,0.0,0.0,0.0,0.0,-0.0,-0.0,-0.0,-0.0,-0.0,-0.0,0.0,0.0,0.0,0.0,0.0,0.0,0.0,0.0,-0.0,-0.0,-0.0,-0.0,0.0,0.0,0.0,0.0,-0.0,0.0,0.0,0.0,-0.0,-0.0,0.0,0.0,-0.0,-0.0,0.0,0.0,-0.01,0.01,0.07,-0.01,-0.01,0.01,,0.0,0.0,0.0,-0.0,0.0,0.0,0.0,-0.0,0.0,0.0,0.0,0.0,-0.0,-0.0,-0.0,0.06,0.04,-0.0,-0.0,0.0,-0.0,0.0,0.0,0.0,0.0,-0.0,-0.0,-0.0,-0.0,0.0,-0.0,0.0,0.0,-0.0,0.0,0.0,0.0,-0.0,-0.0,0.0,0.0
GLN 368,0.0,0.0,0.0,0.0,0.0,-0.0,-0.0,0.0,0.0,-0.0,-0.0,0.01,0.0,0.01,-0.0,-0.0,0.0,0.0,0.0,-0.0,0.08,0.0,-0.04,-0.69,-0.0,-0.0,-0.0,-0.0,0.0,0.0,-0.0,0.0,0.0,0.0,0.0,-0.0,-0.0,0.0,-0.0,0.0,0.0,0.0,0.0,0.0,0.0,-0.0,0.0,0.0,0.0,0.0,0.0,0.0,0.0,-0.0,0.0,0.0,0.0,0.0,0.0,0.0,0.0,0.0,,-0.0,-0.02,-0.0,0.0,-0.0,0.01,-0.01,-0.0,-0.0,0.0,0.0,0.0,-0.0,0.0,-0.0,0.0,0.0,0.0,0.0,0.0,-0.0,0.0,0.0,0.0,0.0,0.0,0.0,0.0,0.0,0.0,0.0,-0.01,-0.0,-0.0,0.0,0.0,0.0,0.0,-0.0,0.0
VAL 369,0.0,0.0,-0.0,0.0,-0.0,-0.0,-0.0,-0.0,0.0,-0.0,-0.0,-0.0,-0.0,-0.0,-0.0,-0.0,0.0,0.0,0.0,-0.0,-0.02,-0.01,-1.35,-1.1,-0.01,-0.0,-0.0,0.0,0.0,-0.0,0.0,0.0,0.0,0.0,0.0,-0.0,-0.0,-0.0,-0.0,0.0,0.0,0.0,0.0,0.0,0.0,-0.0,-0.0,0.0,0.0,0.0,0.0,0.0,0.0,-0.0,0.0,0.0,-0.0,0.0,0.0,0.0,0.0,0.0,-0.0,,0.0,-0.01,0.02,-0.04,0.01,0.07,-0.0,-0.0,0.0,0.0,0.0,-0.0,0.0,-0.0,-0.0,0.0,0.0,0.0,0.0,-0.0,-0.0,0.0,0.0,0.0,0.0,0.0,0.0,0.0,0.02,-0.0,-0.02,-0.0,-0.0,0.0,0.0,0.0,0.11,0.0,0.0
GLN 370,-0.0,-0.0,0.0,-0.0,-0.0,0.0,-0.0,-0.0,0.0,-0.0,-0.0,-0.0,-0.0,-0.0,-0.0,-0.0,0.0,0.0,-0.0,-0.0,-0.0,-0.0,-0.03,-0.02,-0.0,-0.0,-0.0,0.0,0.0,0.0,0.0,0.0,0.0,0.0,-0.0,0.0,-0.0,0.0,0.0,-0.0,0.0,0.0,0.0,0.0,0.0,-0.0,0.0,0.0,0.0,0.0,-0.0,-0.0,-0.0,0.0,0.0,0.0,0.0,0.0,0.0,0.0,0.0,0.0,-0.02,0.0,,-0.0,-0.01,-0.0,-0.0,0.0,0.0,0.0,0.0,0.0,0.0,0.0,0.0,-0.0,-0.0,0.0,0.0,0.0,0.0,-0.0,-0.0,0.0,0.0,0.0,0.0,0.0,0.0,0.0,0.0,-0.0,0.0,0.0,0.0,0.0,0.0,0.0,0.0,0.0,0.0
LEU 371,0.0,0.0,-0.0,0.0,-0.0,-0.0,-0.0,-0.0,0.0,-0.0,0.0,-0.0,-0.0,0.0,-0.0,-0.0,-0.0,0.0,0.0,0.0,-0.0,-0.0,-0.03,-0.01,-0.0,-0.0,-0.0,0.0,0.0,0.0,0.0,0.0,0.0,0.0,0.0,-0.0,0.0,0.0,-0.0,0.0,0.0,0.0,0.0,0.0,0.0,-0.0,0.0,0.0,0.0,0.0,0.0,0.0,0.0,0.0,0.0,0.0,-0.0,0.0,0.0,0.0,0.0,-0.0,-0.0,-0.01,-0.0,,-0.0,0.0,-0.0,0.01,-0.0,-0.0,0.0,-0.0,-0.0,0.0,-0.0,0.0,0.0,0.0,0.0,-0.0,-0.0,0.0,-0.0,0.0,0.0,0.0,0.0,0.0,0.0,0.0,-0.0,0.0,-0.0,0.0,0.0,-0.0,-0.0,-0.0,0.0,0.0,0.0
VAL 391,0.0,0.0,0.0,0.0,0.0,-0.0,-0.0,-0.0,0.0,-0.0,-0.0,0.0,-0.0,0.0,-0.0,-0.0,0.0,0.0,0.0,0.0,0.0,0.0,-0.03,-0.0,-0.0,-0.0,0.0,-0.0,0.0,0.0,0.0,0.0,0.0,0.0,0.0,-0.0,0.0,0.0,-0.0,0.0,0.0,0.0,0.0,0.0,0.0,0.0,0.0,0.0,0.0,0.0,0.0,0.0,0.0,0.0,0.0,0.0,0.0,0.0,0.0,0.0,0.0,0.0,0.0,0.02,-0.01,-0.0,,-0.0,0.0,-0.03,-0.0,0.0,0.0,0.0,-0.0,-0.0,-0.0,-0.0,0.0,0.0,-0.0,-0.0,-0.0,0.0,-0.0,0.0,0.0,-0.0,0.0,0.0,0.0,-0.0,0.0,-0.0,-0.0,-0.0,-0.0,0.0,0.0,0.0,0.0,0.0,0.0
SER 392,-0.0,-0.0,-0.0,-0.0,-0.0,0.0,-0.0,-0.0,-0.0,-0.0,0.0,-0.0,-0.0,-0.0,0.0,0.0,-0.0,-0.0,0.0,0.0,-0.0,-0.0,-0.03,-0.01,-0.0,0.0,-0.0,0.0,0.0,-0.0,0.0,-0.0,0.0,0.0,-0.0,0.0,-0.0,-0.0,0.0,-0.0,0.0,0.0,0.0,0.0,0.0,0.0,0.0,0.0,0.0,0.0,0.0,0.0,0.0,0.0,0.0,0.0,0.0,0.0,0.0,0.0,0.0,0.0,-0.0,-0.04,-0.0,0.0,-0.0,,-0.0,0.01,-0.0,-0.0,0.0,-0.0,-0.0,0.0,-0.0,0.0,0.0,-0.0,-0.0,-0.0,-0.0,0.0,0.0,0.0,0.0,0.0,0.0,0.0,0.0,0.0,-0.0,0.0,-0.0,0.0,-0.0,-0.0,-0.0,-0.0,-0.0,0.0,0.0
GLY 393,-0.0,-0.0,0.0,-0.0,-0.0,0.0,0.0,-0.0,0.0,-0.0,-0.0,-0.0,-0.0,-0.0,0.0,0.0,0.0,0.0,-0.0,-0.0,-0.01,0.0,-0.11,-0.02,-0.0,-0.0,-0.0,0.0,0.0,-0.0,0.0,-0.0,0.0,-0.0,-0.0,0.0,-0.0,-0.0,0.0,-0.0,0.0,0.0,0.0,0.0,0.0,0.0,0.0,0.0,0.0,0.0,0.0,0.0,0.0,0.0,0.0,0.0,0.0,0.0,0.0,0.0,0.0,0.0,0.01,0.01,-0.0,-0.0,0.0,-0.0,,-0.03,-0.01,-0.0,0.0,0.0,-0.0,-0.0,-0.0,-0.0,0.0,0.0,0.0,0.0,0.0,-0.0,-0.0,0.0,0.0,0.0,0.0,0.0,0.0,0.0,0.0,-0.0,-0.0,-0.0,-0.0,0.0,0.0,0.0,-0.0,0.0,0.0
TYR 394,0.0,0.0,-0.0,-0.0,-0.0,-0.0,-0.01,-0.0,-0.0,-0.0,-0.01,-0.02,-0.0,0.0,-0.0,-0.0,-0.0,-0.0,0.0,-0.0,-0.02,-0.05,-2.09,-0.03,-0.01,-0.0,-0.0,-0.0,-0.0,0.0,0.0,0.0,0.0,-0.0,0.0,-0.0,-0.0,-0.0,-0.0,0.0,0.0,0.0,0.0,0.0,0.0,0.0,0.0,0.0,0.0,0.0,0.0,-0.0,-0.0,0.0,0.0,0.0,0.0,0.0,0.0,0.0,0.0,-0.0,-0.01,0.07,0.0,0.01,-0.03,0.01,-0.03,,-0.01,-0.0,0.01,0.08,0.02,-0.02,-0.0,0.0,0.0,-0.0,-0.0,-0.0,-0.01,0.0,0.0,0.0,0.0,-0.0,0.0,0.0,0.0,0.0,0.04,0.01,0.02,0.0,0.0,-0.0,-0.0,-0.0,0.0,0.0,0.0
THR 395,-0.0,-0.0,0.0,-0.0,-0.0,-0.0,-0.0,-0.0,-0.0,-0.0,-0.01,-0.05,-0.0,-0.0,0.0,0.0,0.0,-0.0,-0.0,-0.0,-0.01,-0.01,-0.07,-0.0,-0.0,-0.0,-0.0,0.0,0.0,-0.0,0.0,-0.0,0.0,0.0,-0.0,0.0,-0.0,0.0,0.0,-0.0,0.0,0.0,0.0,0.0,0.0,0.0,0.0,0.0,0.0,0.0,0.0,0.0,0.0,0.0,0.0,0.0,0.0,0.0,0.0,0.0,0.0,0.0,-0.0,-0.0,0.0,-0.0,-0.0,-0.0,-0.01,-0.01,,0.01,-0.03,-0.07,0.02,0.01,0.0,-0.0,-0.0,0.0,0.0,0.0,-0.01,0.0,-0.0,0.0,0.0,-0.0,0.0,-0.0,-0.0,0.0,0.0,0.0,0.0,-0.0,-0.0,0.0,0.0,-0.0,0.0,0.0,0.0
LEU 396,-0.0,-0.0,-0.0,-0.0,-0.0,0.0,-0.02,-0.0,-0.0,-0.0,0.0,-0.2,-0.0,-0.0,0.0,0.0,0.0,0.0,-0.0,-0.0,-0.0,-0.0,-0.03,-0.0,-0.0,-0.0,-0.0,0.0,0.0,-0.0,0.0,-0.0,-0.0,0.0,-0.0,0.0,-0.0,0.0,0.0,-0.0,0.0,0.0,0.0,0.0,0.0,0.0,-0.0,0.0,0.0,0.0,0.0,0.0,0.0,0.0,0.0,0.0,-0.0,0.0,0.0,-0.0,0.0,0.0,-0.0,-0.0,0.0,-0.0,0.0,-0.0,-0.0,-0.0,0.01,,-0.0,-0.04,-0.0,0.03,0.0,-0.0,-0.0,0.0,0.0,-0.0,0.02,0.01,-0.0,0.0,0.0,-0.0,0.0,-0.0,-0.0,0.0,0.0,0.0,-0.0,-0.0,-0.0,0.0,-0.0,-0.0,0.0,0.0,0.0
THR 397,0.0,-0.0,-0.0,-0.0,-0.0,0.0,-0.02,-0.0,-0.0,-0.0,0.0,-2.38,-0.01,-0.0,0.0,0.0,0.0,-0.0,-0.0,-0.0,0.0,0.0,-0.02,-0.0,-0.0,0.0,-0.0,0.0,0.0,0.0,0.0,-0.0,-0.0,-0.0,0.0,0.0,-0.0,0.0,0.0,-0.0,0.0,0.0,0.0,0.0,0.0,0.0,0.0,0.0,0.0,0.0,0.0,0.0,0.0,0.0,0.0,0.0,0.0,0.0,0.0,-0.0,0.0,0.0,0.0,0.0,0.0,0.0,0.0,0.0,0.0,0.01,-0.03,-0.01,,-0.0,0.05,0.01,-0.0,-0.0,-0.0,0.0,0.0,-0.0,0.06,0.01,0.04,0.0,0.0,-0.0,-0.0,-0.0,-0.0,0.0,0.0,-0.0,-0.0,-0.0,-0.0,0.0,0.0,-0.0,0.0,0.0,0.0
GLU 398,-0.0,-0.0,-0.0,-0.0,-0.0,0.0,-0.02,-0.02,-0.0,-0.02,-0.78,-4.14,-0.0,-0.03,0.0,0.0,0.0,0.0,-0.0,-0.01,-0.06,-0.02,-0.6,-0.01,0.0,-0.0,-0.0,0.0,0.0,-0.0,-0.0,-0.0,-0.0,-0.0,-0.0,0.0,-0.0,-0.0,0.0,-0.0,0.0,0.0,0.0,-0.0,0.0,-0.0,-0.0,0.0,0.0,0.0,0.0,0.0,0.0,0.0,0.0,0.0,-0.0,0.0,0.0,0.0,0.0,0.0,0.0,0.0,0.0,-0.0,0.0,-0.0,0.0,0.09,-0.07,-0.04,0.03,,0.26,0.04,-0.0,-0.01,-0.0,0.0,0.0,-0.0,0.0,0.0,0.02,0.0,0.0,-0.0,0.0,-0.0,-0.0,-0.0,0.01,-0.0,-0.01,-0.0,-0.0,-0.0,0.0,-0.0,0.0,0.0,0.0
LEU 399,0.0,-0.0,-0.01,0.0,-0.0,-0.04,-0.29,-0.3,-0.01,-0.05,-0.04,-2.47,-0.09,-0.0,-0.0,-0.0,0.0,-0.0,0.0,-0.01,-0.02,-0.18,-1.41,-0.02,-0.01,-0.0,-0.01,0.0,0.0,0.0,0.0,0.0,0.0,0.0,0.0,-0.0,-0.0,-0.0,-0.0,-0.0,0.0,0.0,0.0,-0.0,0.0,-0.0,-0.0,-0.0,0.0,0.0,0.0,0.0,0.0,0.0,0.0,0.0,-0.0,-0.0,0.0,0.0,0.0,-0.0,0.0,0.0,0.0,-0.0,-0.0,-0.0,-0.0,0.01,0.02,-0.0,0.05,0.35,,0.15,-0.01,-0.01,-0.0,0.0,0.0,-0.02,-0.19,0.01,0.01,0.01,0.0,-0.0,0.0,-0.0,-0.0,-0.0,0.09,0.04,0.03,0.01,0.0,0.0,-0.0,-0.0,0.0,0.0,0.0
PRO 400,-0.0,-0.0,-0.0,-0.01,-0.03,-0.33,-1.54,-0.12,-0.01,0.0,-0.01,-1.64,-0.0,-0.01,0.0,0.0,-0.0,-0.0,-0.0,-0.0,-0.01,-0.02,-0.03,-0.0,-0.0,-0.0,-0.0,0.0,0.0,-0.0,0.0,-0.0,0.0,-0.0,-0.0,0.0,-0.0,-0.0,-0.0,-0.0,0.0,-0.0,-0.0,0.0,-0.0,0.0,0.0,0.0,0.0,-0.0,-0.0,0.0,-0.0,0.0,0.0,-0.0,0.0,0.0,-0.0,0.0,0.0,-0.0,-0.0,-0.0,0.0,0.0,-0.0,0.0,-0.0,-0.02,0.01,0.03,0.01,0.04,0.14,,-0.01,0.03,0.0,0.0,0.04,-0.0,0.25,-0.02,-0.0,-0.0,-0.0,-0.0,0.0,-0.0,-0.0,-0.0,-0.04,0.01,0.01,-0.0,0.0,0.0,-0.0,0.0,-0.0,0.0,0.0
VAL 401,-0.0,0.0,-0.0,-0.0,0.0,-0.03,-0.06,-0.0,-0.0,-0.0,-0.0,-0.07,-0.0,-0.0,0.0,0.0,0.0,0.0,-0.0,-0.0,-0.0,-0.0,-0.01,-0.0,-0.0,-0.0,0.0,0.0,0.0,0.0,0.0,0.0,0.0,0.0,0.0,0.0,0.0,0.0,0.0,-0.0,0.0,0.0,0.0,0.0,0.0,0.0,-0.0,-0.0,0.0,0.0,0.0,-0.0,0.0,0.0,0.0,0.0,-0.0,-0.0,0.0,0.0,0.0,-0.0,0.0,0.0,0.0,-0.0,-0.0,-0.0,-0.0,-0.0,0.0,0.0,-0.0,-0.0,-0.01,-0.01,,0.01,0.0,-0.01,-0.03,-0.01,0.02,0.0,-0.0,-0.0,-0.0,0.0,-0.0,-0.0,-0.0,0.0,0.0,0.0,-0.0,0.0,0.0,0.0,-0.01,-0.0,-0.0,0.0,0.0
HIE 402,0.0,-0.0,-0.0,-0.01,-0.08,-1.32,-0.28,-0.01,-0.0,-0.0,-0.0,-0.04,-0.0,0.0,-0.0,-0.0,0.0,0.0,0.0,-0.0,-0.0,-0.0,-0.01,-0.0,-0.0,-0.0,-0.0,0.0,0.0,0.0,0.0,0.0,0.0,-0.0,0.0,-0.0,0.0,-0.0,-0.0,0.0,-0.0,-0.0,-0.0,-0.0,-0.0,-0.0,0.0,0.0,0.0,-0.0,0.0,0.0,0.0,0.0,0.0,-0.0,0.0,0.0,-0.0,-0.0,-0.01,0.05,-0.0,-0.0,-0.0,0.0,-0.0,0.0,-0.0,0.0,-0.0,-0.0,-0.0,-0.01,-0.01,0.03,0.01,,-0.01,-0.0,0.01,0.0,0.02,0.01,-0.0,-0.0,-0.0,0.0,-0.01,0.01,0.0,0.0,-0.01,-0.0,0.0,-0.0,0.0,-0.0,0.01,0.0,0.0,0.0,0.0
TRP 414,0.0,-0.0,-0.0,-0.0,-0.04,-0.79,-0.02,-0.0,-0.0,-0.0,0.0,0.0,-0.0,0.0,-0.0,-0.0,0.0,0.0,0.0,0.0,0.0,0.0,-0.0,-0.0,0.0,-0.0,0.0,-0.0,0.0,0.0,0.0,0.0,0.0,0.0,0.0,-0.0,0.0,0.0,-0.0,0.0,0.0,-0.0,-0.0,-0.0,-0.0,-0.0,0.0,0.0,0.0,0.0,0.0,0.0,0.0,0.0,0.0,-0.0,-0.01,0.01,-0.01,0.0,-0.04,0.04,0.0,-0.0,-0.0,0.0,0.0,0.0,0.0,0.0,-0.0,-0.0,-0.0,-0.0,-0.0,0.0,0.0,-0.01,,-0.02,0.04,-0.0,-0.0,0.0,0.0,-0.0,-0.0,-0.0,-0.01,0.06,-0.01,0.0,-0.0,0.0,0.0,-0.0,-0.0,-0.0,0.0,0.0,0.0,0.0,0.0
GLY 416,0.0,-0.0,0.0,0.0,0.01,-0.03,-0.07,-0.0,-0.0,-0.0,0.0,0.01,-0.0,-0.0,0.0,-0.0,-0.0,0.0,0.0,0.0,-0.0,-0.0,-0.0,-0.0,0.0,0.0,0.0,0.0,0.0,0.0,0.0,0.0,0.0,0.0,-0.0,0.0,0.0,-0.0,0.0,0.0,0.0,0.0,0.0,-0.0,0.0,0.0,-0.0,-0.0,0.0,0.0,0.0,0.0,0.0,0.0,0.0,0.0,0.0,-0.0,0.0,0.0,0.0,-0.0,0.0,0.0,0.0,0.0,0.0,-0.0,0.0,-0.0,0.0,0.0,0.0,0.0,0.0,0.0,-0.01,-0.0,-0.02,,-0.0,-0.0,-0.01,-0.0,0.0,0.0,0.0,-0.0,0.03,-0.04,-0.01,-0.01,0.0,0.0,-0.0,0.0,0.0,0.0,0.0,-0.0,0.0,0.0,-0.0
SER 417,0.0,0.0,-0.0,-0.0,-0.01,-0.61,-1.1,-0.01,-0.0,-0.0,0.0,0.01,-0.0,0.0,-0.0,-0.0,0.0,0.0,0.0,0.0,0.0,0.0,-0.0,0.0,0.0,-0.0,0.0,0.0,0.0,0.0,0.0,0.0,0.0,0.0,0.0,-0.0,0.0,0.0,0.0,-0.0,0.0,0.0,0.0,0.0,0.0,-0.0,0.0,0.0,0.0,0.0,0.0,0.0,0.0,0.0,0.0,0.0,0.0,-0.0,0.0,0.0,0.0,-0.0,0.0,0.0,0.0,0.0,-0.0,-0.0,0.0,-0.0,0.0,0.0,0.0,0.0,0.0,0.03,-0.03,0.02,0.05,-0.0,,0.03,-0.01,0.0,0.0,0.0,0.0,0.0,-0.08,0.07,0.0,-0.0,0.0,-0.0,-0.0,0.0,0.0,0.0,-0.0,-0.0,0.0,0.0,0.0
PHE 418,0.0,0.0,-0.0,-0.0,0.0,-0.02,-0.95,-0.01,-0.0,-0.0,-0.0,0.09,-0.0,-0.0,0.0,0.0,0.0,-0.0,-0.0,0.0,-0.0,-0.0,-0.0,-0.0,0.0,0.0,-0.0,0.0,0.0,-0.0,0.0,-0.0,0.0,0.0,-0.0,0.0,-0.0,-0.0,0.0,0.0,0.0,0.0,-0.0,0.0,0.0,0.0,0.0,0.0,0.0,0.0,0.0,0.0,0.0,0.0,0.0,0.0,-0.0,0.0,0.0,-0.0,-0.0,0.0,0.0,0.0,0.0,-0.0,-0.0,-0.0,0.0,-0.0,0.0,-0.0,-0.0,-0.0,-0.02,0.0,-0.01,0.0,-0.0,-0.0,0.05,,-0.09,0.01,0.01,0.04,0.02,-0.1,0.02,0.0,0.0,0.01,0.0,0.0,-0.0,0.0,0.0,0.0,0.0,-0.0,0.0,0.0,0.0
ASP 419,-0.0,-0.0,0.0,-0.01,-0.01,-0.16,-1.99,0.02,-0.0,-0.01,-0.01,-15.28,0.0,-0.02,0.0,0.0,0.0,-0.0,-0.0,-0.0,-0.01,-0.0,-0.01,-0.0,0.0,-0.0,0.0,0.0,0.0,-0.0,-0.0,-0.0,-0.0,-0.0,-0.0,0.0,-0.0,0.0,0.0,-0.0,0.0,0.0,0.0,0.0,0.0,0.0,-0.0,0.0,0.0,0.0,0.0,0.0,0.0,0.0,0.0,0.0,0.0,-0.0,0.0,0.0,-0.0,-0.0,0.0,0.0,0.0,-0.0,-0.0,-0.0,0.0,-0.01,-0.01,0.02,0.06,0.0,-0.19,0.22,0.02,0.02,-0.0,-0.01,-0.01,-0.1,,-0.1,-0.59,-1.32,-0.09,0.06,0.01,0.0,0.0,0.0,-0.0,0.01,0.0,0.0,-0.0,0.0,-0.0,-0.0,0.0,0.0,0.0
PRO 420,0.0,-0.0,-0.0,-0.0,-0.01,-0.02,0.02,-0.0,-0.0,0.0,-0.0,-0.24,-0.0,0.0,-0.0,-0.0,0.0,0.0,0.0,-0.0,0.0,-0.0,-0.0,-0.0,-0.0,0.0,0.0,0.0,0.0,0.0,0.0,0.0,0.0,0.0,0.0,-0.0,0.0,0.0,-0.0,0.0,0.0,0.0,-0.0,0.0,0.0,0.0,0.0,0.0,0.0,0.0,0.0,0.0,0.0,0.0,0.0,-0.0,0.0,0.0,-0.0,-0.0,-0.0,0.0,-0.0,-0.0,-0.0,0.0,0.0,0.0,-0.0,0.0,0.0,0.01,0.02,0.0,0.01,-0.02,0.0,0.01,0.0,-0.0,0.0,0.01,-0.08,,0.05,0.0,-0.0,0.02,-0.0,0.0,0.0,-0.0,-0.0,0.0,0.0,-0.0,0.0,-0.0,0.0,0.0,-0.0,0.0,0.0
GLU 421,-0.0,-0.0,0.0,-0.0,-0.0,-0.0,-0.1,-0.02,-0.01,-0.0,-0.04,-0.94,-0.01,-0.01,0.0,0.0,0.0,0.0,-0.0,-0.0,-0.01,-0.0,-0.0,-0.0,0.0,-0.0,0.0,0.0,0.0,-0.0,-0.0,-0.0,-0.0,-0.0,-0.0,0.0,-0.0,0.0,0.0,-0.0,0.0,0.0,0.0,0.0,0.0,0.0,0.0,0.0,0.0,0.0,0.0,0.0,0.0,0.0,0.0,0.0,0.0,0.0,0.0,-0.0,-0.0,0.0,0.0,-0.0,-0.0,-0.0,-0.0,0.0,-0.0,0.0,-0.0,-0.0,0.07,0.02,0.01,-0.0,-0.0,-0.0,0.0,0.0,0.0,0.01,-0.53,0.04,,0.11,0.0,-0.0,-0.0,-0.0,0.0,-0.0,0.0,-0.0,0.0,0.0,-0.0,0.0,0.0,0.0,-0.0,0.0,0.0
SER 422,-0.0,-0.0,-0.0,-0.0,-0.0,0.0,-1.09,-0.02,-0.01,-0.0,-0.0,0.66,-0.0,0.0,-0.0,-0.0,0.0,0.0,-0.0,0.0,0.0,0.0,-0.0,0.0,0.0,-0.0,0.0,0.0,0.0,0.0,0.0,0.0,0.0,0.0,0.0,0.0,0.0,-0.0,-0.0,0.0,0.0,0.0,0.0,0.0,0.0,0.0,0.0,0.0,0.0,0.0,0.0,0.0,0.0,0.0,0.0,0.0,0.0,0.0,0.0,-0.0,-0.0,0.0,0.0,0.0,0.0,0.0,0.0,0.0,0.0,0.0,0.0,0.0,0.0,0.0,0.01,-0.0,-0.0,-0.0,-0.0,0.0,0.0,0.04,-1.24,0.0,0.11,,0.02,0.01,-0.01,-0.0,-0.0,0.0,0.0,-0.0,-0.0,0.0,0.0,0.0,0.0,0.0,0.0,0.0,0.0
GLY 423,0.0,0.0,0.0,0.0,-0.0,-0.0,-0.07,-0.0,-0.0,0.0,0.0,0.04,-0.0,0.0,-0.0,-0.0,0.0,-0.0,0.0,0.0,0.0,0.0,0.0,0.0,0.0,0.0,0.0,0.0,0.0,0.0,0.0,0.0,0.0,0.0,0.0,-0.0,0.0,-0.0,-0.0,0.0,0.0,0.0,0.0,0.0,0.0,0.0,0.0,0.0,0.0,0.0,0.0,0.0,0.0,0.0,0.0,0.0,0.0,0.0,0.0,0.0,-0.0,0.0,0.0,0.0,0.0,0.0,0.0,0.0,0.0,0.0,0.0,0.0,0.0,0.0,0.0,-0.0,-0.0,-0.0,-0.0,0.0,0.0,0.02,-0.09,-0.0,0.0,0.02,,-0.04,-0.0,-0.0,-0.0,0.0,0.0,-0.0,0.0,0.0,0.0,0.0,0.0,0.0,0.0,0.0,0.0
GLU 424,-0.0,-0.0,-0.0,-0.0,0.0,-0.03,-1.15,-0.0,-0.0,-0.0,-0.0,-0.09,-0.0,-0.01,0.0,0.0,0.0,-0.0,-0.0,-0.0,-0.0,-0.0,-0.0,-0.0,0.0,-0.0,0.0,0.0,0.0,-0.0,0.0,-0.0,-0.0,-0.0,-0.0,0.0,-0.0,0.0,0.0,-0.0,0.0,0.0,0.0,0.0,0.0,0.0,0.0,0.0,0.0,0.0,0.0,0.0,0.0,0.0,0.0,0.0,0.0,0.0,0.0,0.0,-0.0,-0.0,0.0,0.0,0.0,0.0,-0.0,0.0,0.0,-0.0,-0.0,-0.0,-0.0,-0.0,-0.0,-0.0,0.0,0.0,-0.0,-0.0,0.0,-0.11,0.05,0.02,-0.0,0.01,-0.04,,0.05,0.04,-0.0,-0.0,0.0,0.0,0.0,-0.0,0.0,0.0,-0.0,-0.0,-0.0,0.0,0.0
SER 425,0.0,0.0,0.0,-0.0,0.0,-0.01,-0.64,-0.0,-0.0,0.0,0.0,-0.0,0.0,0.0,-0.0,-0.0,0.0,0.0,0.0,0.0,0.0,0.0,0.0,0.0,0.0,0.0,0.0,0.0,0.0,0.0,0.0,0.0,0.0,0.0,0.0,0.0,0.0,-0.0,-0.0,0.0,0.0,0.0,0.0,0.0,0.0,0.0,0.0,0.0,0.0,0.0,0.0,0.0,0.0,0.0,0.0,0.0,0.0,-0.0,0.0,0.0,-0.0,-0.0,0.0,0.0,0.0,0.0,0.0,0.0,0.0,0.0,0.0,0.0,-0.0,0.0,0.0,0.0,-0.0,-0.01,-0.01,0.03,-0.08,0.02,0.01,-0.0,-0.0,-0.01,-0.0,0.07,,0.05,-0.04,-0.01,0.0,-0.0,-0.0,-0.0,0.0,0.0,-0.0,-0.0,0.0,0.0,0.0
ILE 426,-0.0,-0.0,-0.0,-0.0,-0.02,-1.08,-1.42,-0.01,-0.0,-0.0,-0.0,-0.01,-0.0,-0.0,0.0,-0.0,-0.0,0.0,0.0,0.0,-0.0,-0.0,-0.0,0.0,-0.0,0.0,0.0,0.0,0.0,0.0,0.0,-0.0,-0.0,0.0,-0.0,0.0,-0.0,-0.0,0.0,0.0,0.0,0.0,0.0,-0.0,0.0,0.0,0.0,0.0,0.0,0.0,0.0,0.0,0.0,0.0,0.0,0.0,0.0,-0.0,0.02,0.06,0.0,-0.0,0.0,0.0,0.0,0.0,0.0,0.0,0.0,0.0,-0.0,-0.0,-0.0,-0.0,-0.0,-0.0,-0.0,0.01,0.06,-0.04,0.07,0.0,0.0,0.0,-0.0,-0.0,-0.0,0.04,0.05,,0.01,0.0,-0.0,0.0,0.0,-0.0,0.0,0.0,0.0,-0.0,0.0,0.0,0.0
TYR 427,-0.0,0.0,-0.0,-0.0,-0.0,-0.04,-0.01,-0.0,-0.0,-0.0,0.0,-0.0,0.0,-0.0,0.0,0.0,0.0,-0.0,-0.0,-0.0,0.0,0.0,0.0,0.0,0.0,0.0,0.0,0.0,0.0,-0.0,0.0,-0.0,0.0,0.0,-0.0,0.0,0.0,0.0,0.0,0.0,0.0,0.0,0.0,0.0,0.0,0.0,0.0,0.0,0.0,0.0,0.0,0.0,0.0,0.0,0.0,0.0,0.0,-0.0,-0.0,0.0,0.0,-0.0,0.0,0.0,0.0,0.0,0.0,0.0,0.0,0.0,-0.0,-0.0,-0.0,-0.0,-0.0,-0.0,-0.0,0.0,-0.01,-0.01,0.0,0.0,0.0,0.0,0.0,-0.0,-0.0,-0.0,-0.04,0.01,,0.0,-0.0,0.0,-0.0,-0.0,0.0,0.0,-0.0,-0.0,-0.0,0.0,-0.0
MET 437,0.0,0.0,0.0,-0.0,-0.0,-0.01,-0.02,-0.0,0.0,-0.0,-0.0,-0.0,0.0,-0.0,0.0,0.0,0.0,-0.0,0.0,-0.0,0.0,-0.0,-0.0,0.0,0.0,0.0,0.0,0.0,0.0,0.0,0.0,0.0,0.0,0.0,0.0,0.0,-0.0,0.0,0.0,-0.0,0.0,0.0,0.0,0.0,0.0,0.0,0.0,0.0,0.0,0.0,0.0,0.0,0.0,0.0,0.0,-0.0,-0.0,-0.0,-0.0,-0.0,-0.0,0.0,0.0,0.0,0.0,0.0,-0.0,0.0,0.0,0.0,0.0,0.0,0.0,-0.0,-0.0,-0.0,0.0,0.0,0.0,-0.01,-0.0,0.01,0.0,-0.0,-0.0,0.0,0.0,-0.0,-0.01,0.0,0.0,,-0.0,0.0,0.0,0.0,-0.0,-0.0,0.0,0.0,-0.0,0.0,0.0
VAL 465,0.0,0.0,-0.0,0.0,0.02,-0.01,-0.02,-0.01,-0.0,-0.01,-0.0,0.02,-0.0,0.01,-0.0,0.0,-0.0,0.0,0.0,0.0,0.0,0.04,-0.67,-0.02,0.02,-0.0,-0.0,0.0,0.0,0.0,0.0,0.0,0.0,-0.0,-0.0,0.0,-0.0,0.0,0.0,0.0,0.0,0.0,0.0,0.0,0.0,-0.0,-0.0,-0.0,0.0,0.0,0.0,0.0,0.0,-0.0,0.0,0.0,-0.01,-0.0,0.0,0.0,0.0,-0.0,0.0,0.02,0.0,-0.0,0.0,-0.0,0.0,0.03,0.0,0.0,0.0,0.01,0.1,-0.04,0.0,-0.01,-0.0,0.0,0.0,0.0,-0.0,-0.0,0.0,0.0,0.0,0.0,0.0,-0.0,-0.0,-0.0,,-0.03,-0.09,0.01,-0.02,-0.01,-0.03,-0.01,0.03,0.0,0.0
PRO 466,-0.0,-0.0,-0.02,-0.0,-0.12,-0.12,-0.03,-0.04,-0.0,-0.03,-0.0,-0.05,-0.01,0.03,-0.0,-0.0,-0.0,-0.0,-0.0,0.0,-0.0,-0.07,-0.45,-0.01,0.05,-0.0,-0.01,0.0,0.0,0.0,0.0,-0.0,0.0,0.0,-0.0,-0.0,-0.0,0.0,-0.0,-0.0,-0.0,0.0,0.0,0.0,0.0,-0.02,-0.0,-0.0,0.0,0.0,0.0,0.0,0.0,-0.0,0.0,0.0,-0.01,0.0,-0.0,-0.0,-0.0,0.0,0.0,-0.0,-0.0,0.0,-0.0,0.0,-0.0,0.01,0.0,0.0,-0.0,-0.0,0.04,0.01,0.0,0.0,0.0,0.0,-0.0,0.0,0.01,0.0,-0.0,-0.0,-0.0,0.0,-0.0,0.0,0.0,0.0,-0.03,,0.04,0.03,-0.02,-0.12,0.01,0.02,0.02,0.0,0.0
ASP 467,-0.0,-0.0,-0.02,-0.0,-0.01,-0.0,-0.0,-0.01,-0.0,-0.05,0.0,-0.06,-0.01,0.05,0.0,0.0,-0.0,-0.0,-0.0,-0.04,-0.63,-8.44,-3.72,-6.26,-9.75,0.11,-0.08,0.0,0.0,-0.0,0.0,-0.0,-0.0,-0.0,-0.01,-0.0,-0.02,0.0,0.0,-0.0,0.0,0.0,0.0,0.0,0.0,-0.01,-0.0,-0.0,0.0,0.0,-0.01,-0.04,-0.0,0.0,-0.0,0.0,-0.02,-0.0,-0.0,-0.0,0.0,0.0,-0.01,-0.02,0.0,-0.0,-0.0,-0.0,-0.0,0.02,0.0,-0.0,-0.0,-0.01,0.02,0.01,-0.0,0.0,0.0,-0.0,-0.0,-0.0,0.0,0.0,0.0,-0.0,0.0,0.0,-0.0,0.0,-0.0,0.0,-0.09,0.05,,0.94,-0.01,0.01,-0.07,0.19,0.12,0.0,0.0
PRO 468,0.0,-0.0,-0.12,0.0,-0.06,-0.01,-0.01,-0.04,-0.0,-0.76,-0.0,-0.02,-0.02,-0.28,-0.01,-0.0,-0.0,-0.01,0.0,-0.02,-0.06,-1.35,-0.16,-0.18,-1.52,-0.02,-0.99,-0.0,-0.0,0.0,-0.0,0.0,0.0,0.0,-0.01,-0.01,-0.07,-0.45,-0.01,-0.01,-0.0,0.0,0.0,-0.0,0.0,0.1,-0.0,-0.0,-0.0,0.0,-0.0,-0.02,-0.01,0.0,0.0,0.0,-0.02,-0.0,-0.0,-0.0,0.0,-0.0,-0.0,-0.0,0.0,0.0,-0.0,0.0,-0.0,0.0,-0.0,-0.0,-0.0,-0.0,0.01,-0.0,0.0,-0.0,-0.0,0.0,0.0,0.0,0.0,-0.0,0.0,0.0,0.0,-0.0,-0.0,-0.0,-0.0,0.0,0.01,0.02,0.96,,-0.34,-0.02,-0.01,0.04,0.0,0.0,0.0
ASP 469,-0.0,-0.03,-0.57,-0.07,-1.94,-0.05,-0.02,-0.06,-0.05,-0.2,0.0,-0.08,-0.04,-16.02,0.01,-0.01,-0.01,-0.08,-0.0,-0.02,-0.06,-0.1,-0.04,-0.04,-0.1,-0.0,0.02,0.0,0.0,-0.0,-0.0,-0.0,-0.0,-0.0,-0.01,-0.0,-0.04,-0.19,-0.0,-0.0,-0.0,-0.01,0.02,0.03,0.0,0.02,0.02,0.01,-0.0,-0.01,0.0,-0.0,-0.0,0.0,0.0,-0.0,0.15,-0.0,0.0,-0.0,0.0,0.0,-0.0,-0.0,0.0,0.0,-0.0,-0.0,-0.0,0.0,-0.0,-0.0,-0.0,-0.0,0.0,0.0,0.0,0.0,-0.0,0.0,0.0,0.0,-0.0,0.0,-0.0,0.0,0.0,0.0,0.0,0.0,0.0,-0.0,-0.02,-0.03,-0.01,-0.41,,0.15,0.01,0.0,-0.0,0.0,0.0
ALA 470,-0.0,-0.0,-0.0,-0.01,-0.16,-0.02,-0.01,-0.0,-0.0,0.0,0.0,-0.01,-0.0,-0.1,-0.0,-0.0,-0.0,-0.0,-0.0,-0.0,-0.01,-0.02,-0.02,-0.02,-0.04,-0.0,-0.0,0.0,0.0,-0.0,0.0,-0.0,0.0,-0.0,-0.0,-0.0,-0.0,-0.01,-0.0,-0.0,-0.0,-0.0,0.0,0.0,0.0,0.0,-0.0,0.0,-0.0,-0.0,-0.0,-0.0,-0.0,-0.0,0.0,-0.0,0.01,0.0,0.0,0.0,0.0,0.0,0.0,0.0,0.0,-0.0,0.0,-0.0,0.0,-0.0,0.0,0.0,0.0,-0.0,0.0,0.0,0.0,-0.0,-0.0,0.0,0.0,0.0,0.0,-0.0,0.0,0.0,0.0,0.0,0.0,0.0,0.0,-0.0,-0.01,-0.12,0.01,-0.02,0.17,,-0.02,-0.02,-0.0,0.0,0.0
PHE 471,0.0,-0.0,-0.0,-0.01,-0.07,-0.1,-0.01,-0.0,-0.0,-0.0,0.0,-0.0,-0.0,-0.01,-0.0,-0.0,-0.0,-0.0,0.0,-0.0,0.0,0.01,-0.0,-0.0,0.01,-0.0,-0.0,0.0,0.0,0.0,0.0,0.0,0.0,0.0,-0.0,0.0,-0.0,-0.0,-0.0,0.0,-0.0,-0.0,-0.0,-0.0,-0.0,-0.0,0.0,0.0,0.0,0.0,0.0,0.0,0.0,-0.0,0.0,-0.0,0.01,0.0,-0.0,-0.0,-0.0,0.0,0.0,0.0,0.0,-0.0,0.0,-0.0,0.0,-0.0,0.0,-0.0,0.0,0.0,-0.0,-0.0,-0.01,0.02,0.0,0.0,-0.0,0.0,-0.0,0.0,0.0,0.0,0.0,-0.0,-0.0,0.0,-0.0,0.0,-0.03,0.01,-0.07,-0.01,0.01,-0.02,,0.01,0.0,0.0,0.0
ASP 472,-0.0,-0.0,-0.0,-0.0,-0.01,-0.0,0.0,-0.0,-0.0,-0.0,0.0,-0.02,-0.0,-0.04,0.0,0.0,-0.0,-0.0,-0.0,-0.0,-0.05,-0.03,-0.05,-0.54,-0.13,0.0,-0.0,0.0,0.0,-0.0,0.0,-0.0,-0.0,-0.0,-0.0,-0.0,-0.01,-0.01,0.0,0.0,-0.0,-0.0,-0.0,-0.0,-0.0,0.01,0.0,0.0,-0.0,-0.0,-0.02,-0.08,-0.13,0.01,0.0,-0.0,0.01,0.0,0.0,-0.0,-0.0,-0.0,0.0,0.0,0.0,-0.0,0.0,-0.0,0.0,-0.0,-0.0,-0.0,-0.0,-0.0,-0.0,0.0,-0.0,0.0,0.0,-0.0,-0.0,-0.0,-0.0,0.0,0.0,0.0,0.0,-0.0,-0.0,-0.0,-0.0,0.0,-0.01,0.02,0.2,0.04,0.0,-0.02,0.01,,0.06,0.0,0.0
ILE 473,0.0,-0.0,-0.0,-0.0,-0.0,-0.0,-0.0,-0.0,-0.0,-0.0,-0.0,-0.0,-0.0,-0.0,0.0,0.0,-0.0,-0.0,0.0,-0.0,-0.01,-0.03,-0.77,-0.84,-0.03,-0.0,-0.0,0.0,0.0,-0.0,-0.0,-0.0,-0.0,-0.0,-0.0,-0.0,-0.0,-0.0,0.0,-0.0,0.0,-0.0,-0.0,-0.0,-0.0,0.0,0.0,0.0,-0.0,-0.0,-0.0,-0.0,-0.0,0.0,0.0,-0.0,0.0,0.0,0.0,0.0,0.0,-0.0,0.0,0.12,0.0,0.0,0.0,-0.0,-0.0,0.0,0.0,0.0,0.0,0.0,0.0,-0.0,-0.0,0.0,0.0,0.0,0.0,0.0,0.0,-0.0,-0.0,0.0,0.0,-0.0,0.0,0.0,-0.0,-0.0,0.03,0.02,0.11,0.0,-0.0,-0.0,0.0,0.06,,0.0,0.0
Cl- 583,-0.0,0.0,-0.0,0.0,-0.0,0.0,0.0,0.0,-0.0,0.0,0.0,-0.0,-0.0,-0.0,-0.0,-0.0,-0.0,0.0,-0.0,0.0,-0.0,0.0,0.0,-0.0,-0.0,-0.0,-0.0,-0.0,-0.0,-0.01,-0.0,-0.03,-0.0,-0.0,0.0,-0.0,0.0,-0.0,-0.0,0.0,-0.0,-0.0,-0.0,0.0,0.0,0.0,0.0,-0.0,0.0,0.0,0.0,0.0,0.0,0.0,-0.0,0.0,0.0,0.0,0.0,0.0,0.0,0.0,-0.0,0.0,0.0,0.0,0.0,0.0,0.0,0.0,0.0,0.0,0.0,0.0,0.0,0.0,0.0,0.0,0.0,0.0,0.0,0.0,0.0,0.0,0.0,0.0,0.0,0.0,0.0,0.0,0.0,0.0,0.0,0.0,0.0,0.0,0.0,0.0,0.0,0.0,0.0,,0.0
Cl- 585,-0.0,0.0,-0.0,0.0,0.0,-0.0,-0.0,0.0,0.0,-0.0,-0.0,-0.0,0.0,-0.0,-0.0,-0.0,-0.0,-0.0,-0.0,-0.0,-0.0,-0.0,-0.0,-0.0,0.0,0.0,0.0,0.0,0.0,-0.0,0.0,-0.0,-0.0,-0.0,-0.0,0.0,0.0,0.0,0.0,-0.0,-0.0,0.0,0.0,0.0,0.0,0.0,-0.0,0.0,0.0,0.0,0.0,0.0,0.0,0.0,-0.0,-0.0,-0.0,-0.0,0.0,-0.0,-0.0,0.0,0.0,0.0,0.0,0.0,0.0,0.0,0.0,0.0,0.0,0.0,0.0,0.0,0.0,0.0,0.0,0.0,0.0,-0.0,0.0,0.0,0.0,0.0,0.0,0.0,0.0,0.0,0.0,0.0,-0.0,0.0,0.0,0.0,0.0,0.0,0.0,0.0,0.0,0.0,0.0,0.0,
