Res,CYX   1,TYR  22,PHE  23,THR  24,ASN  25,ALA  26,PHE  27,ALA  28,THR  29,TRP  30,GLY  41,ARG  42,SER  43,ARG  47,PRO  48,GLN  49,VAL  50,ASN  51,LYS  66,VAL  75,LYS  76,SER  77,LEU  78,LEU  79,THR  80,SER  81,MET  82,GLN 103,ASN 104,LYS 106,VAL 107,LYS 108,VAL 109,GLN 111,TRP 140,VAL 141,HID 142,GLN 143,ILE 144,ALA 145,SER 185,SER 186,SER 187,TYR 188,LEU 189,TYR 205,GLY 206,ALA 207,SER 208,THR 209,ARG 210,ALA 211,THR 212,GLY 213,SER 223,LYS 246,TYR 247,GLY 248,THR 249,SER 250,ALA 251,ILE 252,GLN 368,VAL 369,GLN 370,LEU 371,VAL 391,SER 392,GLY 393,TYR 394,THR 395,LEU 396,THR 397,GLU 398,LEU 399,PRO 400,VAL 401,HIE 402,TRP 414,GLY 416,SER 417,PHE 418,ASP 419,PRO 420,GLU 421,SER 422,GLY 423,GLU 424,SER 425,ILE 426,TYR 427,MET 437,VAL 465,PRO 466,ASP 467,PRO 468,ASP 469,ALA 470,PHE 471,ASP 472,ILE 473,Cl- 583,Cl- 585
CYX   1,,0.0,0.0,0.0,0.0,0.0,0.0,0.0,0.0,0.0,0.0,0.0,0.0,0.0,0.0,0.0,0.0,0.0,0.0,-0.0,0.0,0.0,0.0,0.0,0.0,0.0,0.0,0.0,0.0,0.0,0.0,0.0,0.0,0.0,0.0,0.0,0.0,0.0,0.0,0.0,0.0,-0.0,0.0,0.0,-0.0,-0.0,-0.0,0.0,0.0,0.0,0.0,0.0,-0.0,0.0,0.0,0.0,0.0,0.0,0.0,-0.0,0.0,0.0,0.0,0.0,-0.0,0.0,0.0,-0.0,-0.0,0.0,-0.0,-0.0,-0.0,-0.0,0.0,0.0,-0.0,0.0,0.0,0.0,-0.0,-0.0,-0.0,0.0,-0.0,0.0,0.0,-0.0,0.0,0.0,0.0,-0.0,0.0,-0.0,-0.0,0.0,-0.0,-0.0,0.0,-0.0,0.0,-0.0,-0.0
TYR  22,0.0,,-0.05,0.0,0.0,-0.0,0.0,0.0,0.02,-0.03,0.0,0.0,0.0,0.0,-0.01,-0.01,-0.0,-0.0,0.0,0.0,0.0,-0.0,-0.0,0.0,0.0,0.0,-0.0,0.0,0.0,0.0,0.0,0.0,0.0,0.0,-0.0,0.0,0.0,0.0,0.0,0.0,-0.0,0.0,0.01,-0.11,-0.0,-0.0,-0.0,-0.0,-0.0,-0.0,0.0,0.0,0.0,0.0,-0.0,-0.0,-0.01,0.0,-0.02,-0.0,-0.0,-0.0,0.0,0.0,0.0,0.0,0.0,-0.0,-0.0,0.0,-0.0,-0.0,-0.0,-0.0,-0.0,-0.0,0.0,-0.0,-0.0,0.0,0.0,-0.0,-0.0,-0.0,-0.0,-0.0,0.0,-0.0,0.0,-0.0,0.0,0.0,0.0,-0.0,-0.0,-0.0,-0.02,-0.0,-0.0,-0.0,-0.0,0.0,0.0
PHE  23,0.0,-0.05,,0.28,0.1,0.0,-0.0,-0.01,-0.07,0.04,0.0,-0.0,-0.0,-0.28,0.02,0.15,-0.01,-0.01,0.0,-0.0,-0.0,0.0,0.0,-0.0,-0.0,-0.0,0.01,0.0,0.0,0.0,0.0,0.0,0.0,0.0,0.0,-0.0,-0.0,0.01,-0.0,0.0,-0.05,-0.05,-1.19,-2.2,-0.01,-0.07,-0.04,0.0,-0.0,-0.01,-0.0,-0.0,-0.0,0.0,-0.0,-0.02,-0.48,-0.08,-0.04,-0.01,-0.0,-0.01,0.0,-0.0,0.0,0.0,-0.0,-0.0,0.0,-0.0,0.0,0.0,-0.0,-0.0,-0.01,-0.0,-0.0,-0.0,-0.0,-0.0,-0.0,-0.0,0.0,-0.0,0.0,-0.0,-0.0,-0.0,-0.0,-0.0,-0.0,0.0,-0.0,-0.02,-0.02,-0.12,-0.63,-0.0,-0.0,-0.0,-0.0,0.0,0.0
THR  24,0.0,0.0,0.23,,0.21,0.0,0.0,-0.18,-0.03,-0.01,0.0,0.02,-0.01,0.01,0.0,0.0,0.0,0.0,0.0,0.0,0.0,0.0,0.0,0.0,0.0,-0.0,-0.0,0.0,0.0,0.0,0.0,0.0,0.0,0.0,0.0,-0.0,-0.0,0.0,0.0,-0.0,-0.01,-0.01,-0.04,-2.96,-0.0,-0.01,-0.0,-0.0,-0.0,-0.0,-0.0,-0.0,-0.0,-0.0,-0.0,-0.01,-0.06,-0.32,-1.29,-0.03,-0.0,-0.01,0.0,0.0,-0.0,0.0,0.0,-0.0,-0.0,-0.0,-0.0,-0.0,-0.0,-0.0,0.0,-0.01,-0.0,-0.01,-0.0,0.0,-0.0,0.0,-0.01,-0.0,-0.0,-0.0,0.0,-0.0,-0.0,-0.0,-0.0,-0.0,0.0,-0.01,-0.0,0.0,-0.06,-0.01,-0.01,-0.0,-0.0,0.0,-0.0
ASN  25,0.0,0.0,0.13,0.26,,-0.23,-0.06,-0.06,-0.0,-0.02,0.0,0.04,-0.01,0.13,-0.0,0.0,0.0,0.0,0.0,0.0,0.0,0.0,0.0,0.0,0.0,0.0,-0.0,0.0,0.0,0.0,0.0,0.0,0.0,0.0,0.0,0.0,0.0,0.0,0.0,-0.0,-0.01,-0.0,-0.03,-0.63,-0.01,-0.02,-0.01,-0.0,-0.0,-0.0,0.0,-0.0,-0.0,0.0,-0.0,-0.02,-1.33,-1.3,-1.52,-0.1,-0.01,-0.09,0.0,-0.0,0.0,-0.0,-0.0,-0.0,-0.0,-0.0,-0.0,-0.0,-0.0,-0.0,-0.01,-0.04,-0.0,-0.11,-0.03,0.01,-0.01,-0.0,-0.01,-0.01,-0.0,-0.0,-0.0,0.0,0.0,-0.03,-0.0,-0.0,0.03,-0.23,-0.02,-0.14,-2.78,-0.26,-0.07,-0.01,-0.0,0.0,0.0
ALA  26,0.0,-0.0,0.0,0.0,-0.19,,0.02,0.07,0.0,-0.0,0.0,0.11,-0.0,-0.0,-0.0,-0.0,0.0,0.0,0.0,0.0,0.0,0.0,0.0,0.0,0.0,-0.0,0.0,0.0,0.0,0.0,0.0,0.0,0.0,0.0,0.0,0.0,-0.0,-0.0,-0.0,0.0,-0.0,-0.0,-0.0,-0.03,-0.0,-0.0,-0.0,0.0,0.0,-0.0,-0.0,-0.0,-0.0,-0.0,0.0,-0.01,-0.04,-1.06,-1.42,-0.15,-0.01,-0.4,-0.0,-0.0,0.0,-0.0,-0.0,0.0,0.0,-0.0,-0.0,0.0,0.0,0.0,-0.06,-0.53,-0.02,-0.79,-0.06,0.01,-0.18,-0.0,-0.13,-0.02,0.0,0.0,0.0,-0.01,0.01,-0.65,-0.01,-0.0,-0.01,-0.06,-0.0,-0.01,-0.03,-0.01,-0.03,-0.0,-0.0,-0.0,-0.0
PHE  27,0.0,0.0,-0.0,0.0,-0.05,0.06,,-0.02,0.0,-0.01,0.0,-0.55,0.0,0.0,-0.0,-0.0,-0.0,0.0,0.0,0.0,0.0,0.0,-0.0,0.0,0.0,0.0,-0.0,0.0,0.0,0.0,0.0,0.0,0.0,0.0,0.0,0.0,0.0,0.0,0.0,0.0,-0.0,-0.0,-0.0,-0.01,-0.0,-0.0,0.0,0.0,0.0,-0.0,-0.0,-0.0,-0.0,-0.0,0.0,-0.01,-0.02,-0.03,-0.27,-0.01,-0.0,-0.03,-0.0,-0.0,0.0,-0.0,-0.0,0.0,0.0,-0.01,-0.0,-0.01,-0.02,-0.02,-0.22,-1.52,-0.05,-0.14,-0.02,-0.06,-0.95,-0.89,-2.0,0.01,-0.1,-0.46,-0.11,-1.34,-0.8,-1.57,-0.02,-0.02,-0.02,-0.02,-0.0,-0.01,-0.02,-0.0,-0.01,-0.0,-0.0,-0.0,-0.0
ALA  28,0.0,0.0,-0.01,-0.18,-0.05,0.08,-0.02,,0.02,-0.03,0.0,-0.03,-0.06,0.01,-0.0,-0.0,-0.0,0.0,0.0,0.0,0.0,0.0,-0.0,0.0,0.0,0.0,-0.0,0.0,0.0,0.0,0.0,0.0,0.0,0.0,-0.0,0.0,0.0,0.0,0.0,0.0,-0.0,-0.0,-0.0,-0.02,-0.0,-0.0,-0.0,-0.0,-0.0,-0.0,-0.0,0.0,0.0,0.0,-0.0,-0.0,-0.01,-0.04,-0.08,-0.0,-0.0,-0.01,0.0,-0.0,-0.0,-0.0,-0.0,-0.0,-0.0,-0.0,-0.0,-0.0,-0.0,-0.02,-0.28,-0.2,-0.0,-0.01,-0.0,-0.0,-0.01,-0.01,0.02,-0.0,-0.02,-0.01,-0.0,-0.01,-0.0,-0.01,-0.0,-0.0,-0.01,-0.03,-0.01,-0.03,-0.05,-0.0,-0.0,-0.0,-0.0,0.0,0.0
THR  29,0.0,0.02,-0.07,-0.03,0.0,0.0,0.0,0.02,,-0.0,0.0,-0.0,-0.01,0.05,0.0,0.0,-0.0,-0.0,0.0,0.0,0.0,0.0,-0.0,0.0,0.0,0.0,-0.0,0.0,0.0,0.0,0.0,0.0,0.0,0.0,-0.0,0.0,0.0,0.0,0.0,0.0,-0.0,0.0,0.0,-0.02,-0.0,-0.0,-0.0,-0.0,0.0,0.0,0.0,0.0,0.0,0.0,0.0,-0.0,-0.01,-0.01,-0.06,-0.0,-0.0,-0.0,0.0,0.0,0.0,0.0,0.0,-0.0,0.0,-0.0,-0.0,-0.0,-0.0,-0.0,-0.01,-0.01,-0.0,-0.0,-0.0,0.0,-0.0,-0.0,-0.0,-0.0,-0.01,-0.0,-0.0,-0.0,-0.0,-0.0,-0.0,-0.0,-0.0,-0.0,-0.0,-0.0,-0.04,-0.0,-0.0,-0.0,-0.0,-0.0,0.0
TRP  30,0.0,-0.03,0.04,-0.01,-0.01,-0.0,-0.01,-0.03,-0.0,,-0.0,-0.1,-0.09,-0.41,0.01,0.0,0.0,-0.0,0.0,-0.01,-0.02,0.01,0.0,-0.01,-0.03,-0.01,0.05,0.0,0.0,0.0,0.0,0.0,0.0,0.0,0.0,-0.0,-0.01,-0.03,-0.0,-0.01,-0.0,-0.0,-0.02,-0.02,-0.0,-0.01,-0.0,-0.0,-0.0,-0.01,-0.0,-0.0,-0.0,0.0,0.0,-0.0,-0.01,-0.01,-0.01,-0.0,-0.0,-0.0,0.0,-0.0,-0.0,-0.0,-0.0,-0.0,-0.0,-0.0,-0.0,-0.0,-0.0,-0.02,-0.05,0.0,-0.0,-0.0,-0.0,-0.0,-0.0,-0.0,-0.0,0.0,-0.01,-0.0,0.0,-0.0,-0.0,-0.0,-0.0,-0.0,-0.01,-0.04,-0.05,-0.68,-0.17,0.0,-0.0,-0.0,-0.0,0.0,-0.0
GLY  41,0.0,0.0,0.0,0.0,0.0,0.0,0.0,0.0,0.0,-0.0,,-0.02,-0.02,0.0,-0.0,-0.0,0.0,0.0,0.0,-0.0,-0.0,0.0,0.0,0.0,0.0,0.0,-0.0,0.0,0.0,0.0,0.0,0.0,0.0,0.0,0.0,0.0,0.0,0.0,0.0,0.0,-0.0,0.0,0.0,-0.0,0.0,0.0,-0.0,-0.0,0.0,0.0,-0.0,-0.0,-0.0,-0.0,-0.0,-0.0,-0.0,-0.0,-0.0,0.0,0.0,-0.0,-0.0,-0.0,-0.0,0.0,-0.0,-0.0,-0.0,-0.01,-0.01,0.0,0.01,-0.99,-0.04,-0.01,-0.0,-0.0,0.0,0.0,-0.0,-0.0,-0.01,-0.0,-0.05,-0.0,0.0,-0.0,0.0,-0.0,-0.0,-0.0,-0.0,-0.0,0.0,-0.0,0.0,0.0,0.0,0.0,-0.0,0.0,-0.0
ARG  42,0.0,0.0,-0.0,0.02,0.04,0.11,-0.58,-0.03,-0.0,-0.1,-0.01,,-0.1,0.02,-0.0,-0.0,-0.0,0.0,0.0,0.0,0.01,0.02,-0.0,0.0,0.0,0.0,-0.0,0.0,0.0,0.0,0.0,0.0,0.0,0.0,-0.0,0.0,0.0,0.0,0.0,0.0,-0.0,-0.0,-0.0,-0.0,-0.0,-0.0,0.0,0.0,0.0,-0.0,0.0,0.0,0.0,0.0,0.0,0.01,0.0,-0.0,-0.01,-0.0,0.0,-0.0,0.01,-0.0,-0.0,-0.0,0.0,-0.0,-0.0,-0.02,-0.04,-0.09,-2.77,-4.0,-2.53,-1.79,-0.08,-0.04,0.0,0.01,0.02,0.06,-14.59,-0.31,-1.2,0.45,0.05,-0.09,-0.0,-0.01,-0.0,-0.0,0.02,-0.05,-0.05,-0.02,-0.08,-0.01,-0.0,-0.02,-0.0,-0.0,-0.0
SER  43,0.0,0.0,-0.0,-0.01,-0.01,-0.0,0.0,-0.06,-0.01,-0.09,-0.02,-0.09,,0.05,-0.0,0.0,-0.0,0.0,0.0,0.0,0.0,0.0,-0.0,0.0,0.0,0.0,-0.0,0.0,0.0,0.0,0.0,0.0,0.0,0.0,-0.0,0.0,0.0,0.0,0.0,0.0,-0.0,0.0,-0.0,-0.0,-0.0,-0.0,-0.0,-0.0,0.0,-0.0,0.0,0.0,0.0,0.0,-0.0,0.0,-0.0,-0.0,-0.0,-0.0,-0.0,-0.0,0.0,-0.0,-0.0,-0.0,-0.0,-0.0,-0.0,-0.0,-0.0,-0.0,-0.01,0.0,-0.09,-0.0,-0.0,-0.0,-0.0,-0.0,-0.0,-0.0,0.01,-0.0,-0.0,-0.0,-0.0,0.0,0.0,-0.0,0.0,0.0,-0.0,-0.01,-0.01,-0.02,-0.05,-0.0,-0.0,-0.0,-0.0,0.0,0.0
ARG  47,0.0,0.0,-0.31,0.01,0.13,-0.0,0.0,0.01,0.05,-0.43,0.0,0.02,0.05,,-0.09,0.01,0.02,0.08,0.0,0.01,0.02,-0.01,-0.0,0.01,0.05,0.01,-0.09,0.0,0.0,0.0,0.0,0.0,-0.0,-0.0,-0.01,0.0,0.05,-0.18,-0.05,-0.02,-0.0,0.02,-0.03,-0.11,-0.01,-0.32,-0.03,-0.01,0.0,0.01,0.01,-0.0,-0.0,0.0,0.0,0.03,-0.06,-0.0,-0.01,-0.0,-0.0,0.0,0.01,-0.0,-0.0,0.0,0.0,-0.0,-0.0,-0.0,-0.0,-0.0,-0.0,-0.03,-0.0,-0.01,-0.0,0.0,0.0,-0.0,0.0,-0.0,-0.02,0.0,-0.01,0.0,0.0,-0.01,0.0,-0.0,-0.0,-0.0,0.01,0.04,0.07,-0.22,-16.37,-0.11,-0.01,-0.04,-0.0,-0.0,-0.0
PRO  48,0.0,-0.01,0.02,0.0,-0.0,-0.0,-0.0,-0.0,0.0,0.01,-0.0,-0.0,-0.0,-0.09,,0.03,0.01,0.01,-0.0,0.0,-0.0,0.0,-0.0,-0.0,-0.0,-0.0,0.0,0.0,0.0,0.0,0.0,0.0,-0.0,-0.0,-0.0,0.0,-0.0,0.01,0.01,-0.0,0.0,0.0,-0.04,-0.06,-0.0,-0.0,-0.0,-0.0,-0.0,-0.0,-0.0,-0.0,-0.0,-0.0,-0.0,-0.0,-0.01,-0.0,-0.0,-0.0,0.0,-0.0,-0.0,-0.0,-0.0,-0.0,-0.0,0.0,0.0,-0.0,0.0,0.0,0.0,0.0,-0.0,0.0,0.0,-0.0,-0.0,0.0,-0.0,0.0,0.0,0.0,0.0,-0.0,-0.0,0.0,-0.0,0.0,0.0,0.0,-0.0,-0.0,0.0,-0.01,0.02,-0.0,-0.0,0.0,0.0,-0.0,0.0
GLN  49,0.0,-0.01,0.12,-0.0,0.0,-0.0,-0.0,-0.0,0.0,0.0,-0.0,-0.0,0.0,0.01,0.03,,0.17,0.01,0.0,0.0,0.0,0.0,-0.0,-0.0,-0.0,0.0,0.0,0.0,0.0,0.0,0.0,0.0,0.0,0.0,-0.0,0.0,0.0,0.0,0.0,-0.0,-1.68,-0.1,-2.96,-2.2,-0.01,-0.01,-0.01,-0.01,-0.0,-0.0,-0.0,-0.0,-0.0,-0.0,-0.0,-0.01,-0.03,-0.01,-0.02,-0.0,-0.0,-0.0,-0.0,-0.0,-0.0,0.0,-0.0,0.0,0.0,-0.0,0.0,0.0,0.0,0.0,-0.0,-0.0,-0.0,-0.0,-0.0,0.0,-0.0,0.0,0.0,-0.0,0.0,-0.0,-0.0,0.0,-0.0,-0.0,0.0,0.0,-0.0,-0.0,0.0,-0.0,-0.01,-0.0,-0.0,0.0,0.0,0.0,0.0
VAL  50,0.0,-0.0,-0.01,0.0,0.0,0.0,-0.0,-0.0,-0.0,0.0,0.0,-0.0,-0.0,0.02,0.01,0.24,,0.11,0.0,0.0,-0.0,-0.0,-0.0,0.0,0.0,0.0,0.0,0.0,0.0,0.0,0.0,0.0,0.0,0.0,-0.02,0.0,0.0,0.01,0.0,-0.0,-0.52,-0.48,-1.35,-0.07,-0.01,-0.01,-0.01,-0.02,-0.01,-0.01,-0.0,-0.0,-0.0,0.0,-0.01,-0.0,-0.01,-0.0,-0.0,-0.0,-0.0,-0.0,0.0,-0.0,0.0,0.0,0.0,-0.0,0.0,-0.0,-0.0,0.0,0.0,0.0,0.0,0.0,0.0,0.0,0.0,0.0,0.0,-0.0,0.0,0.0,0.0,0.0,0.0,0.0,0.0,0.0,0.0,0.0,-0.0,-0.0,-0.0,-0.0,-0.01,-0.0,-0.0,-0.0,-0.0,0.0,0.0
ASN  51,0.0,-0.0,-0.01,0.0,0.0,0.0,0.0,0.0,-0.0,-0.0,0.0,0.0,0.0,0.08,0.01,0.02,0.13,,0.0,-0.0,0.0,-0.0,0.0,0.0,0.0,0.0,-0.0,0.0,0.0,0.0,0.0,0.0,0.0,0.0,-0.02,0.0,-0.02,-0.15,-0.02,0.01,-0.02,-0.03,-0.36,-0.02,-0.01,-0.07,-0.06,-0.02,-0.03,-0.19,-0.01,-0.0,-0.0,0.0,-0.0,0.0,-0.01,-0.0,-0.0,-0.0,-0.0,0.0,0.0,-0.0,0.0,0.0,0.0,0.0,0.0,-0.0,0.0,-0.0,0.0,0.0,-0.0,-0.0,0.0,0.0,0.0,-0.0,0.0,-0.0,-0.0,0.0,0.0,0.0,0.0,-0.0,0.0,0.0,-0.0,-0.0,0.0,-0.0,-0.0,-0.01,-0.08,-0.0,-0.0,-0.0,-0.0,-0.0,-0.0
LYS  66,0.0,0.0,0.0,0.0,0.0,0.0,0.0,0.0,0.0,0.0,0.0,0.0,0.0,0.0,-0.0,0.0,0.0,0.0,,0.0,0.0,0.0,0.0,0.0,0.0,0.0,0.0,0.0,0.0,0.0,0.0,0.0,0.0,0.0,0.0,0.0,0.0,0.0,0.0,0.0,0.0,0.0,0.0,0.0,-0.0,-0.0,-0.0,0.0,-0.0,0.0,0.0,0.0,-0.0,0.0,0.0,0.0,0.0,0.0,0.0,0.0,0.0,0.0,0.0,0.0,-0.0,0.0,0.0,-0.0,-0.0,0.0,-0.0,-0.0,-0.0,-0.0,0.0,0.0,0.0,0.0,0.0,0.0,0.0,0.0,-0.0,0.0,-0.0,0.0,0.0,-0.0,0.0,0.0,0.0,0.0,0.0,0.0,-0.0,0.0,-0.0,-0.0,0.0,-0.0,0.0,-0.0,-0.0
VAL  75,-0.0,0.0,-0.0,0.0,0.0,0.0,0.0,0.0,0.0,-0.01,-0.0,0.0,0.0,0.01,0.0,0.0,0.0,-0.0,0.0,,0.04,0.01,0.0,0.01,-0.01,-0.03,-0.0,0.0,0.0,0.0,0.0,0.0,-0.0,-0.0,-0.0,0.0,-0.0,-0.0,-0.0,0.0,0.0,0.0,-0.0,-0.0,0.0,-0.01,-0.0,-0.0,0.0,-0.0,-0.0,-0.0,-0.0,-0.0,0.0,0.0,-0.0,0.0,-0.0,0.0,0.0,0.0,-0.0,-0.0,-0.0,0.0,0.0,-0.0,-0.0,-0.0,-0.0,-0.0,-0.0,-0.01,-0.01,-0.0,-0.0,-0.0,0.0,0.0,0.0,0.0,-0.0,-0.0,-0.0,0.0,0.0,-0.0,0.0,-0.0,0.0,0.0,0.0,0.0,-0.04,-0.02,-0.02,-0.0,-0.0,-0.0,-0.0,0.0,-0.0
LYS  76,0.0,0.0,-0.0,0.0,0.0,0.0,0.0,0.0,0.0,-0.02,-0.0,0.01,0.0,0.02,-0.0,0.0,-0.0,0.0,0.0,0.04,,0.03,0.09,0.1,0.06,-0.03,0.01,0.0,0.0,0.0,0.0,0.0,-0.0,-0.0,-0.0,0.0,0.0,0.0,0.0,-0.0,-0.0,-0.0,-0.0,-0.0,-0.0,-0.01,-0.0,0.0,-0.0,-0.0,0.01,0.0,-0.01,0.0,0.0,0.0,-0.0,-0.0,0.0,-0.0,-0.0,0.0,0.06,-0.02,-0.0,-0.0,0.0,-0.0,-0.01,-0.02,-0.01,-0.0,0.0,-0.06,-0.02,-0.01,-0.0,-0.0,0.0,-0.0,0.0,-0.0,-0.01,-0.0,-0.01,0.0,0.0,-0.0,0.0,-0.0,-0.0,0.0,0.0,-0.0,-0.58,-0.06,-0.06,-0.01,0.0,-0.05,-0.01,-0.0,-0.0
SER  77,0.0,-0.0,0.0,0.0,0.0,0.0,0.0,0.0,0.0,0.01,0.0,0.02,0.0,-0.01,0.0,0.0,-0.0,-0.0,0.0,0.01,0.03,,0.53,0.52,0.52,-0.01,0.05,0.0,0.0,0.0,0.0,0.0,0.0,0.0,-0.0,0.0,-0.0,-0.01,-0.0,-0.0,-0.0,-0.0,-0.0,-0.0,-0.0,-0.01,-0.0,0.0,-0.0,-0.0,-0.0,-0.0,-0.01,-0.0,0.0,0.0,-0.0,-0.0,-0.0,-0.0,-0.0,-0.0,0.0,-0.01,-0.0,-0.0,0.0,-0.0,0.0,-0.05,-0.01,0.0,0.0,-0.03,-0.21,-0.02,-0.0,-0.0,0.0,-0.0,0.0,-0.0,-0.0,-0.0,-0.0,0.0,0.0,-0.0,0.0,-0.0,-0.0,-0.0,0.04,-0.08,-8.27,-1.35,-0.11,-0.03,0.01,-0.02,-0.03,0.0,-0.0
LEU  78,0.0,-0.0,0.0,0.0,0.0,0.0,-0.0,-0.0,-0.0,0.0,0.0,-0.0,-0.0,-0.0,-0.0,-0.0,-0.0,0.0,0.0,0.0,0.09,0.54,,0.53,0.22,-0.01,-0.0,0.0,0.0,0.0,0.0,0.0,0.0,0.0,-0.0,0.0,-0.0,-0.0,-0.0,-0.0,-0.0,-0.0,-0.0,-0.0,-0.0,-0.01,0.0,0.0,0.0,-0.0,0.0,0.0,-0.01,-0.0,0.0,0.0,-0.0,-0.0,-0.0,-0.0,-0.0,-0.0,-0.02,-1.37,-0.03,-0.03,-0.03,-0.03,-0.1,-2.21,-0.06,-0.04,-0.02,-0.67,-1.39,-0.03,-0.01,-0.01,-0.0,-0.0,-0.0,-0.0,-0.01,-0.01,-0.0,-0.0,0.0,-0.0,0.0,-0.0,-0.0,-0.0,-0.67,-0.41,-3.9,-0.16,-0.04,-0.02,-0.0,-0.04,-0.84,0.0,-0.0
LEU  79,0.0,0.0,-0.0,0.0,0.0,0.0,0.0,0.0,0.0,-0.01,0.0,0.0,0.0,0.01,-0.0,-0.0,0.0,0.0,0.0,0.01,0.1,0.53,0.53,,0.75,-0.03,-0.01,0.0,0.0,0.0,0.0,0.0,0.0,0.0,0.0,0.0,-0.0,0.0,0.0,-0.0,-0.0,-0.0,-0.0,-0.0,-0.0,-0.02,-0.0,0.0,-0.0,-0.0,0.0,0.01,-0.31,-0.03,0.0,0.0,-0.0,-0.0,-0.0,-0.0,-0.0,-0.0,-0.7,-1.47,-0.03,-0.01,-0.01,-0.01,-0.02,-0.04,-0.0,-0.0,-0.0,-0.01,-0.02,-0.0,-0.0,-0.0,-0.0,-0.0,0.0,-0.0,-0.0,-0.0,-0.0,0.0,0.0,-0.0,0.0,-0.0,0.0,0.0,-0.02,-0.01,-6.42,-0.18,-0.04,-0.02,-0.0,-0.39,-0.98,-0.0,0.0
THR  80,0.0,0.0,-0.0,0.0,0.0,0.0,0.0,0.0,0.0,-0.03,0.0,0.0,0.0,0.05,-0.0,-0.0,0.0,0.0,0.0,-0.01,0.06,0.55,0.21,0.74,,-0.09,0.03,0.0,0.0,0.0,0.0,0.0,0.0,0.0,0.0,0.0,0.06,0.05,0.0,-0.0,0.0,-0.0,0.0,-0.0,0.0,-0.57,-0.0,-0.0,-0.0,-0.02,-0.03,-0.09,-1.31,-0.02,0.0,0.0,-0.01,-0.0,-0.0,-0.0,0.0,-0.0,-0.0,-0.01,-0.0,-0.0,-0.0,-0.0,-0.0,-0.01,-0.0,-0.0,-0.0,0.0,-0.01,-0.0,-0.0,-0.0,0.0,0.0,0.0,0.0,0.0,-0.0,0.0,-0.0,-0.0,0.0,0.0,-0.0,0.0,0.0,0.02,0.05,-9.9,-1.59,-0.11,-0.04,0.01,-0.14,-0.03,-0.0,0.0
SER  81,0.0,0.0,-0.0,-0.0,0.0,-0.0,0.0,0.0,0.0,-0.01,0.0,0.0,0.0,0.01,-0.0,0.0,0.0,0.0,0.0,-0.03,-0.03,-0.01,-0.01,-0.03,-0.08,,0.02,0.0,0.0,0.0,0.0,0.0,0.0,0.0,0.0,-0.01,-0.0,0.01,0.0,0.0,0.0,0.0,-0.0,-0.0,0.0,-0.02,-0.0,-0.0,-0.0,-0.01,-0.01,-0.01,-0.11,-0.0,-0.0,-0.0,-0.0,0.0,-0.0,0.0,0.0,-0.0,-0.0,-0.0,-0.0,-0.0,-0.0,0.0,-0.0,-0.0,-0.0,0.0,0.0,-0.0,-0.0,-0.0,-0.0,-0.0,-0.0,0.0,-0.0,0.0,0.0,-0.0,-0.0,-0.0,-0.0,0.0,-0.0,0.0,0.0,0.0,-0.0,-0.0,0.12,-0.03,-0.0,-0.0,-0.0,-0.0,-0.0,0.0,-0.0
MET  82,0.0,-0.0,0.01,-0.0,-0.0,0.0,-0.0,-0.0,-0.0,0.04,-0.0,-0.0,-0.0,-0.11,0.0,0.0,0.0,-0.0,0.0,-0.0,0.01,0.05,-0.0,-0.01,0.03,0.02,,0.0,0.0,0.0,0.0,0.0,0.0,0.0,0.01,-0.03,0.01,-0.02,0.0,-0.01,-0.0,-0.0,-0.0,-0.0,-0.0,-0.08,-0.0,-0.0,-0.0,-0.02,-0.01,-0.01,-0.01,-0.0,-0.0,-0.0,-0.0,-0.0,-0.0,0.0,0.0,-0.0,-0.0,-0.0,-0.0,-0.0,-0.0,-0.0,-0.0,-0.0,-0.0,-0.0,-0.0,-0.0,-0.01,-0.0,-0.0,-0.0,-0.0,0.0,0.0,-0.0,0.0,0.0,0.0,-0.0,-0.0,0.0,-0.0,0.0,0.0,0.0,-0.0,-0.01,-0.08,-1.06,0.04,-0.0,-0.0,-0.0,-0.0,0.0,0.0
GLN 103,0.0,0.0,0.0,0.0,0.0,0.0,0.0,0.0,0.0,0.0,0.0,0.0,0.0,0.0,0.0,0.0,0.0,0.0,0.0,0.0,0.0,0.0,0.0,0.0,0.0,0.0,0.0,,0.0,0.0,0.0,-0.0,-0.0,0.0,0.0,0.0,0.0,0.0,0.0,0.0,0.0,-0.0,0.0,-0.0,0.0,0.0,0.0,0.0,0.0,0.0,-0.0,0.0,0.0,0.0,-0.0,-0.0,-0.0,0.0,0.0,0.0,0.0,-0.0,-0.0,0.0,0.0,0.0,0.0,0.0,0.0,0.0,0.0,0.0,0.0,0.0,0.0,0.0,0.0,0.0,-0.0,0.0,0.0,0.0,0.0,0.0,0.0,0.0,0.0,0.0,0.0,0.0,0.0,0.0,0.0,0.0,0.0,-0.0,0.0,0.0,0.0,0.0,-0.0,0.0,0.0
ASN 104,0.0,0.0,0.0,0.0,0.0,0.0,0.0,0.0,0.0,0.0,0.0,0.0,0.0,0.0,0.0,0.0,0.0,0.0,0.0,0.0,0.0,0.0,0.0,0.0,0.0,0.0,0.0,0.0,,0.0,0.0,0.0,0.0,0.0,0.0,0.0,0.0,0.0,0.0,0.0,0.0,0.0,0.0,0.0,0.0,-0.0,0.0,0.0,0.0,0.0,-0.0,0.0,0.0,0.0,0.0,-0.0,-0.0,0.0,0.0,0.0,0.0,0.0,-0.0,0.0,0.0,0.0,0.0,0.0,0.0,-0.0,0.0,0.0,0.0,0.0,0.0,0.0,0.0,-0.0,0.0,0.0,0.0,0.0,0.0,0.0,0.0,0.0,0.0,0.0,0.0,0.0,0.0,0.0,0.0,0.0,0.0,0.0,0.0,0.0,0.0,0.0,0.0,-0.0,0.0
LYS 106,0.0,0.0,0.0,0.0,0.0,0.0,0.0,0.0,0.0,0.0,0.0,0.0,0.0,0.0,0.0,0.0,0.0,0.0,0.0,0.0,0.0,0.0,0.0,0.0,0.0,0.0,0.0,0.0,0.0,,-0.0,0.0,0.0,0.0,0.0,0.0,0.0,0.0,0.0,0.0,0.0,0.0,0.0,0.0,-0.0,-0.0,-0.0,-0.0,-0.0,0.0,0.0,-0.0,-0.0,0.0,0.0,0.0,0.0,0.0,0.0,-0.0,-0.0,0.0,0.0,0.0,-0.0,0.0,0.0,0.0,-0.0,0.0,-0.0,0.0,-0.0,-0.0,0.0,-0.0,0.0,0.0,0.0,-0.0,-0.0,-0.0,-0.0,0.0,-0.0,0.0,0.0,-0.0,0.0,0.0,-0.0,0.0,0.0,0.0,-0.0,0.0,-0.0,-0.0,-0.0,-0.0,-0.0,-0.0,-0.0
VAL 107,0.0,0.0,0.0,0.0,0.0,0.0,0.0,0.0,0.0,0.0,0.0,0.0,0.0,0.0,0.0,0.0,0.0,0.0,0.0,0.0,0.0,0.0,0.0,0.0,0.0,0.0,0.0,0.0,0.0,-0.0,,-0.0,0.0,0.0,-0.0,0.0,0.0,0.0,0.0,0.0,0.0,0.0,0.0,0.0,0.0,0.0,0.0,0.0,0.0,0.0,-0.0,0.0,0.0,0.0,0.0,0.0,0.0,0.0,0.0,0.0,0.0,0.0,-0.0,0.0,0.0,0.0,0.0,0.0,0.0,0.0,0.0,0.0,0.0,-0.0,0.0,0.0,0.0,0.0,0.0,0.0,0.0,0.0,-0.0,0.0,0.0,0.0,0.0,-0.0,0.0,0.0,-0.0,0.0,0.0,0.0,-0.0,-0.0,-0.0,0.0,0.0,0.0,0.0,0.0,0.0
LYS 108,0.0,0.0,0.0,0.0,0.0,0.0,0.0,0.0,0.0,0.0,0.0,0.0,0.0,0.0,0.0,0.0,0.0,0.0,0.0,0.0,0.0,0.0,0.0,0.0,0.0,0.0,0.0,-0.0,0.0,0.0,-0.0,,0.0,-0.0,-0.0,-0.0,0.0,0.0,0.0,0.0,0.0,0.0,0.0,0.0,-0.0,-0.0,-0.0,0.0,-0.0,0.0,0.0,-0.0,-0.0,0.0,0.0,0.0,0.0,0.0,0.0,-0.0,-0.0,0.0,0.0,0.0,-0.0,0.0,0.0,-0.0,-0.0,0.0,-0.0,-0.0,0.0,-0.0,0.0,-0.0,0.0,0.0,0.0,-0.0,0.0,-0.0,-0.0,0.0,-0.0,0.0,0.0,-0.0,0.0,0.0,-0.0,0.0,0.0,0.0,-0.0,0.0,-0.0,-0.0,0.0,-0.0,-0.0,-0.0,-0.0
VAL 109,0.0,0.0,0.0,0.0,0.0,0.0,0.0,0.0,0.0,0.0,0.0,0.0,0.0,-0.0,-0.0,0.0,0.0,0.0,0.0,-0.0,-0.0,0.0,0.0,0.0,0.0,0.0,0.0,-0.0,0.0,0.0,0.0,0.0,,0.0,-0.0,-0.0,0.0,0.0,0.0,0.0,0.0,0.0,0.0,0.0,-0.0,-0.0,-0.0,0.0,0.0,0.0,0.0,-0.0,-0.0,0.0,0.0,0.0,0.0,0.0,0.0,-0.0,-0.0,0.0,0.0,-0.0,0.0,0.0,0.0,0.0,-0.0,0.0,0.0,0.0,0.0,-0.0,0.0,0.0,0.0,0.0,0.0,0.0,0.0,-0.0,-0.0,0.0,-0.0,0.0,0.0,-0.0,0.0,0.0,-0.0,0.0,0.0,0.0,-0.0,0.0,-0.0,0.0,0.0,-0.0,0.0,0.0,0.0
GLN 111,0.0,0.0,0.0,0.0,0.0,0.0,0.0,0.0,0.0,0.0,0.0,0.0,0.0,-0.0,-0.0,0.0,0.0,0.0,0.0,-0.0,-0.0,0.0,0.0,0.0,0.0,0.0,0.0,0.0,0.0,0.0,0.0,-0.0,0.0,,0.0,0.0,0.0,0.0,0.0,0.0,0.0,-0.0,0.0,0.0,0.0,-0.0,-0.0,-0.0,-0.0,0.0,0.0,-0.0,-0.0,0.0,0.0,0.0,0.0,0.0,0.0,-0.0,0.0,0.0,-0.0,0.0,-0.0,0.0,-0.0,0.0,0.0,-0.0,-0.0,0.0,0.0,0.0,0.0,0.0,0.0,0.0,0.0,0.0,0.0,0.0,0.0,-0.0,0.0,0.0,0.0,0.0,0.0,0.0,0.0,0.0,-0.0,0.0,-0.0,0.0,-0.0,0.0,0.0,-0.0,0.0,-0.0,0.0
TRP 140,0.0,-0.0,0.0,0.0,0.0,0.0,0.0,-0.0,-0.0,0.0,0.0,-0.0,-0.0,-0.01,-0.0,-0.0,-0.02,-0.02,0.0,-0.0,-0.0,-0.0,-0.0,0.0,0.0,0.0,0.01,0.0,0.0,0.0,-0.0,-0.0,-0.0,0.0,,0.01,0.01,-0.03,-0.01,0.0,-0.0,-0.01,-0.01,-0.0,-0.0,-0.02,-0.01,-0.0,-0.02,-0.09,-0.01,-0.0,-0.0,-0.0,-0.0,0.0,-0.0,0.0,0.0,-0.0,-0.0,0.0,0.0,0.0,-0.0,0.0,0.0,-0.0,-0.0,0.0,-0.0,-0.0,0.0,-0.0,0.0,-0.0,0.0,0.0,0.0,-0.0,0.0,-0.0,-0.0,0.0,-0.0,0.0,0.0,-0.0,0.0,-0.0,-0.0,0.0,-0.0,-0.0,-0.01,-0.01,-0.01,-0.0,-0.0,-0.0,-0.0,0.0,0.0
VAL 141,0.0,0.0,-0.0,-0.0,0.0,0.0,0.0,0.0,0.0,-0.0,0.0,0.0,0.0,0.0,0.0,0.0,0.0,0.0,0.0,0.0,0.0,0.0,0.0,0.0,0.0,-0.01,-0.03,0.0,0.0,0.0,0.0,-0.0,-0.0,0.0,0.01,,-0.04,0.01,0.0,0.0,-0.0,-0.0,-0.0,-0.0,-0.0,-0.03,-0.0,-0.0,0.0,-0.01,-0.02,-0.0,-0.03,-0.0,-0.0,-0.0,-0.0,-0.0,-0.0,0.0,0.0,-0.0,-0.0,-0.0,0.0,-0.0,-0.0,0.0,0.0,-0.0,0.0,0.0,0.0,0.0,-0.0,0.0,0.0,-0.0,-0.0,0.0,-0.0,0.0,0.0,-0.0,0.0,-0.0,-0.0,0.0,-0.0,0.0,0.0,0.0,0.0,-0.0,0.0,-0.01,-0.0,-0.0,0.0,-0.0,-0.0,0.0,0.0
HID 142,0.0,0.0,-0.0,-0.0,0.0,-0.0,0.0,0.0,0.0,-0.01,0.0,0.0,0.0,0.05,-0.0,0.0,0.0,-0.02,0.0,-0.0,0.0,-0.0,-0.0,-0.0,0.07,-0.0,0.01,0.0,0.0,0.0,0.0,0.0,0.0,0.0,0.01,-0.04,,-0.12,0.0,-0.0,-0.0,0.0,-0.0,-0.0,-0.0,-0.66,-0.01,-0.0,-0.02,-0.87,-0.43,-0.1,-1.27,-0.02,-0.0,-0.0,-0.01,-0.0,-0.0,-0.0,0.0,0.0,-0.0,-0.0,-0.0,0.0,0.0,0.0,-0.0,-0.0,-0.0,-0.0,-0.0,-0.0,-0.0,-0.0,0.0,0.0,0.0,-0.0,0.0,-0.0,-0.0,0.0,-0.0,0.0,0.0,-0.0,0.0,-0.0,0.0,0.0,-0.0,-0.0,-0.01,-0.07,-0.04,-0.01,-0.0,-0.01,-0.0,0.0,0.0
GLN 143,0.0,0.0,0.01,0.0,0.0,-0.0,0.0,0.0,0.0,-0.03,0.0,0.0,0.0,-0.18,0.01,0.0,0.01,-0.17,0.0,-0.0,0.0,-0.01,-0.0,0.0,0.05,0.01,-0.01,0.0,0.0,0.0,0.0,0.0,0.0,0.0,-0.03,0.01,-0.12,,-0.02,-0.01,-0.0,-0.01,-0.06,-0.01,-0.01,-2.08,-0.12,-0.01,0.01,-1.02,-0.04,-0.02,-0.02,-0.0,-0.0,-0.0,-0.04,-0.0,-0.0,0.0,0.0,-0.0,0.0,-0.0,0.0,-0.0,0.0,-0.0,0.0,-0.0,0.0,0.0,0.0,-0.0,-0.0,-0.0,0.0,-0.0,-0.0,0.0,0.0,0.0,0.0,-0.0,0.0,-0.0,-0.0,0.0,0.0,-0.0,0.0,0.0,0.0,0.0,0.01,-0.43,-0.11,-0.01,-0.0,-0.01,-0.0,0.0,0.0
ILE 144,0.0,0.0,-0.0,0.0,0.0,-0.0,0.0,0.0,0.0,-0.0,0.0,0.0,0.0,-0.05,0.01,0.0,0.0,-0.02,0.0,-0.0,0.0,-0.0,-0.0,0.0,0.0,0.0,0.0,0.0,0.0,0.0,0.0,0.0,0.0,0.0,-0.01,0.0,0.0,-0.02,,0.02,-0.0,-0.0,-0.01,-0.01,-0.0,-0.01,-0.0,-0.0,-0.01,-0.01,-0.0,-0.0,-0.0,-0.0,-0.0,-0.0,-0.0,-0.0,-0.0,0.0,0.0,-0.0,-0.0,-0.0,0.0,-0.0,-0.0,0.0,0.0,-0.0,0.0,0.0,0.0,0.0,-0.0,-0.0,0.0,-0.0,-0.0,0.0,-0.0,0.0,0.0,-0.0,0.0,-0.0,-0.0,0.0,-0.0,-0.0,0.0,0.0,0.0,-0.0,0.0,-0.01,-0.0,-0.0,-0.0,0.0,0.0,0.0,0.0
ALA 145,0.0,0.0,0.0,-0.0,-0.0,0.0,0.0,0.0,0.0,-0.01,0.0,0.0,0.0,-0.02,-0.0,-0.0,-0.0,0.01,0.0,0.0,-0.0,-0.0,-0.0,-0.0,-0.0,0.0,-0.01,0.0,0.0,0.0,0.0,0.0,0.0,0.0,0.0,0.0,-0.0,-0.01,0.02,,-0.0,-0.0,-0.0,-0.0,-0.0,-0.0,-0.0,0.0,-0.0,-0.0,-0.0,-0.0,-0.0,0.0,0.0,0.0,-0.0,0.0,0.0,-0.0,-0.0,0.0,0.0,0.0,-0.0,0.0,0.0,-0.0,-0.0,0.0,-0.0,-0.0,0.0,-0.0,-0.0,-0.0,-0.0,0.0,0.0,0.0,-0.0,-0.0,-0.0,0.0,-0.0,0.0,0.0,-0.0,0.0,0.0,0.0,0.0,0.0,-0.0,-0.0,-0.01,-0.0,-0.0,0.0,-0.0,0.0,-0.0,-0.0
SER 185,0.0,-0.0,-0.05,-0.01,-0.01,-0.0,-0.0,-0.0,-0.0,-0.0,-0.0,-0.0,-0.0,-0.0,0.0,-1.68,-0.51,-0.02,0.0,0.0,-0.0,-0.0,-0.0,-0.0,0.0,0.0,-0.0,0.0,0.0,0.0,0.0,0.0,0.0,0.0,-0.0,-0.0,-0.0,-0.0,-0.0,-0.0,,0.01,0.01,0.07,0.01,0.0,0.0,0.0,-0.0,0.0,-0.0,-0.0,0.0,0.0,0.01,0.0,-0.0,0.0,-0.0,-0.0,0.0,0.0,0.0,0.0,0.0,0.0,0.0,0.0,0.0,0.0,0.0,0.0,0.0,0.0,0.0,-0.0,0.0,-0.0,-0.0,0.0,0.0,0.0,0.0,0.0,0.0,0.0,0.0,0.0,0.0,0.0,0.0,0.0,0.0,-0.0,0.0,-0.0,0.0,-0.0,-0.0,-0.0,0.0,0.0,0.0
SER 186,-0.0,0.0,-0.05,-0.01,-0.0,-0.0,-0.0,-0.0,0.0,-0.0,0.0,-0.0,0.0,0.02,0.0,-0.1,-0.47,-0.03,0.0,0.0,-0.0,-0.0,-0.0,-0.0,-0.0,0.0,-0.0,-0.0,0.0,0.0,0.0,0.0,0.0,-0.0,-0.01,-0.0,0.0,-0.01,-0.0,-0.0,0.01,,0.03,0.0,0.0,-0.02,-0.06,0.02,0.0,0.0,-0.0,-0.0,-0.0,0.0,-0.0,0.01,-0.0,0.0,-0.0,-0.0,0.0,0.0,0.0,0.0,0.0,0.0,0.0,0.0,0.0,0.0,0.0,0.0,0.0,0.0,0.0,-0.0,0.0,-0.0,-0.0,0.0,0.0,0.0,0.0,0.0,0.0,0.0,0.0,0.0,0.0,0.0,0.0,0.0,0.0,0.0,0.0,0.0,-0.01,-0.0,-0.0,-0.0,-0.0,0.0,0.0
SER 187,0.0,0.01,-1.19,-0.04,-0.03,-0.0,-0.0,-0.0,0.0,-0.02,0.0,-0.0,-0.0,-0.03,-0.04,-2.96,-1.33,-0.36,0.0,-0.0,-0.0,-0.0,-0.0,-0.0,0.0,-0.0,-0.0,0.0,0.0,0.0,0.0,0.0,0.0,0.0,-0.01,-0.0,-0.0,-0.06,-0.01,-0.0,0.01,0.03,,0.14,-0.0,-0.01,0.05,0.01,0.0,0.0,-0.0,-0.0,-0.0,-0.0,-0.0,0.02,-0.08,0.01,-0.0,-0.0,0.0,0.0,0.0,0.0,0.0,0.0,0.0,0.0,0.0,0.0,0.0,0.0,0.0,0.0,0.0,-0.0,0.0,-0.0,-0.0,0.0,0.0,0.0,0.0,-0.0,0.0,0.0,0.0,0.0,0.0,0.0,0.0,0.0,0.0,0.0,0.0,0.0,0.01,0.0,-0.0,-0.0,-0.0,0.0,0.0
TYR 188,0.0,-0.12,-2.19,-2.94,-0.62,-0.03,-0.01,-0.02,-0.02,-0.02,-0.0,-0.0,-0.0,-0.11,-0.06,-2.2,-0.07,-0.02,0.0,-0.0,-0.0,-0.0,-0.0,-0.0,-0.0,-0.0,-0.0,-0.0,0.0,0.0,0.0,0.0,0.0,0.0,-0.0,-0.0,-0.0,-0.01,-0.01,-0.0,0.06,0.0,0.17,,0.01,-0.0,-0.01,0.01,-0.0,-0.0,0.0,0.0,0.0,0.0,-0.0,-0.1,0.09,0.06,0.04,0.0,-0.0,-0.0,0.0,0.0,0.0,0.0,0.0,0.0,0.0,0.0,0.0,0.0,0.0,-0.0,-0.0,0.0,-0.0,0.0,0.0,-0.0,0.0,-0.0,-0.0,0.0,0.0,0.0,0.0,-0.0,-0.0,-0.0,0.0,0.0,-0.0,0.0,-0.0,-0.0,0.04,0.0,0.0,0.0,0.0,0.0,0.0
LEU 189,-0.0,-0.0,-0.01,-0.0,-0.01,-0.0,-0.0,-0.0,-0.0,-0.0,0.0,-0.0,-0.0,-0.01,-0.0,-0.01,-0.01,-0.01,-0.0,0.0,-0.0,-0.0,-0.0,-0.0,0.0,0.0,-0.0,0.0,0.0,-0.0,0.0,-0.0,-0.0,0.0,-0.0,-0.0,-0.0,-0.01,-0.0,-0.0,0.01,0.0,-0.0,0.01,,-0.05,-0.03,-0.02,-0.0,-0.0,0.0,0.0,-0.0,-0.0,-0.0,-0.01,0.03,0.0,0.0,0.0,0.0,0.0,0.0,0.0,0.0,0.0,0.0,0.0,0.0,0.0,0.0,0.0,0.0,0.0,0.0,-0.0,0.0,-0.0,-0.0,0.0,0.0,0.0,0.0,-0.0,0.0,0.0,0.0,0.0,0.0,0.0,0.0,0.0,0.0,0.0,0.0,0.0,-0.0,0.0,-0.0,-0.0,-0.0,0.0,0.0
TYR 205,-0.0,-0.0,-0.07,-0.01,-0.02,-0.0,-0.0,-0.0,-0.0,-0.01,0.0,-0.0,-0.0,-0.32,-0.0,-0.01,-0.01,-0.07,-0.0,-0.01,-0.01,-0.01,-0.01,-0.02,-0.56,-0.02,-0.08,0.0,-0.0,-0.0,0.0,-0.0,-0.0,-0.0,-0.02,-0.03,-0.63,-2.07,-0.01,-0.0,0.0,-0.02,-0.01,-0.0,-0.05,,0.07,0.01,-0.07,0.05,0.0,0.0,0.01,0.0,-0.0,0.0,-0.03,-0.0,-0.0,-0.0,0.0,0.0,0.0,-0.0,0.0,-0.0,-0.0,0.0,0.0,0.0,0.0,0.0,0.0,-0.0,-0.0,0.0,-0.0,0.0,-0.0,0.0,0.0,0.0,-0.0,-0.0,0.0,0.0,0.0,0.0,0.0,0.0,0.0,0.0,-0.0,-0.02,-0.03,0.07,0.06,0.0,-0.0,0.01,0.0,0.0,0.0
GLY 206,-0.0,-0.0,-0.04,-0.0,-0.01,-0.0,0.0,-0.0,-0.0,-0.0,-0.0,0.0,-0.0,-0.03,-0.0,-0.01,-0.01,-0.06,-0.0,-0.0,-0.0,-0.0,0.0,-0.0,-0.0,-0.0,-0.0,0.0,0.0,-0.0,0.0,-0.0,-0.0,-0.0,-0.01,-0.0,-0.01,-0.11,-0.0,-0.0,0.0,-0.06,0.05,-0.01,-0.03,0.07,,0.02,-0.01,0.01,-0.0,-0.0,0.0,0.0,-0.0,0.0,-0.05,-0.0,-0.0,0.0,-0.0,0.0,0.0,-0.0,0.0,-0.0,0.0,0.0,0.0,0.0,0.0,0.0,0.0,-0.0,-0.0,0.0,-0.0,0.0,0.0,-0.0,-0.0,0.0,-0.0,0.0,0.0,0.0,0.0,0.0,0.0,0.0,0.0,0.0,-0.0,-0.0,-0.0,-0.0,0.03,-0.0,0.0,0.0,0.0,0.0,0.0
ALA 207,0.0,-0.0,0.0,-0.0,-0.0,0.0,0.0,-0.0,-0.0,-0.0,-0.0,0.0,-0.0,-0.01,-0.0,-0.01,-0.02,-0.02,0.0,-0.0,0.0,0.0,0.0,0.0,-0.0,-0.0,-0.0,0.0,0.0,-0.0,0.0,0.0,0.0,-0.0,-0.0,-0.0,-0.0,-0.01,-0.0,0.0,0.0,0.02,0.01,0.01,-0.02,0.01,0.02,,0.02,0.0,-0.0,-0.0,-0.0,0.0,-0.0,-0.0,-0.0,0.0,0.0,0.0,-0.0,-0.0,0.0,0.0,0.0,0.0,0.0,0.0,0.0,0.0,0.0,0.0,0.0,-0.0,-0.0,0.0,-0.0,0.0,0.0,0.0,0.0,0.0,0.0,0.0,0.0,0.0,0.0,0.0,0.0,0.0,0.0,0.0,-0.0,-0.0,-0.0,-0.0,0.01,0.0,0.0,0.0,0.0,0.0,0.0
SER 208,0.0,-0.0,-0.0,-0.0,-0.0,0.0,0.0,-0.0,0.0,-0.0,0.0,0.0,0.0,0.0,-0.0,-0.0,-0.01,-0.03,-0.0,0.0,-0.0,-0.0,0.0,-0.0,-0.0,-0.0,-0.0,0.0,0.0,-0.0,0.0,-0.0,0.0,-0.0,-0.02,0.0,-0.02,0.01,-0.01,-0.0,-0.0,0.0,0.0,-0.0,-0.0,-0.07,-0.01,0.02,,0.0,0.01,-0.0,-0.0,-0.0,0.0,-0.0,-0.0,0.0,0.0,0.0,-0.0,-0.0,0.0,0.0,0.0,0.0,0.0,0.0,0.0,0.0,0.0,0.0,0.0,0.0,0.0,0.0,0.0,0.0,0.0,0.0,0.0,0.0,0.0,0.0,0.0,0.0,0.0,0.0,0.0,0.0,0.0,0.0,0.0,0.0,0.0,-0.0,-0.0,-0.0,0.0,-0.0,-0.0,0.0,0.0
THR 209,0.0,-0.0,-0.01,-0.0,-0.0,-0.0,-0.0,-0.0,0.0,-0.01,0.0,-0.0,-0.0,0.01,-0.0,-0.0,-0.01,-0.18,0.0,-0.0,-0.0,-0.0,-0.0,-0.0,-0.02,-0.01,-0.02,0.0,0.0,0.0,0.0,0.0,0.0,0.0,-0.09,-0.01,-0.88,-1.0,-0.01,-0.0,0.0,0.0,0.0,-0.0,-0.0,0.05,0.01,0.0,0.0,,0.0,-0.01,-0.0,-0.0,-0.0,0.0,-0.01,-0.0,-0.0,0.0,0.0,0.0,0.0,0.0,0.0,0.0,0.0,0.0,0.0,0.0,0.0,0.0,0.0,0.0,0.0,-0.0,0.0,-0.0,0.0,0.0,0.0,0.0,0.0,-0.0,0.0,0.0,0.0,0.0,0.0,0.0,0.0,0.0,0.0,0.0,0.0,0.0,-0.02,-0.0,0.0,-0.0,-0.0,0.0,0.0
ARG 210,0.0,0.0,-0.0,-0.0,0.0,-0.0,-0.0,-0.0,0.0,-0.0,-0.0,0.0,0.0,0.01,-0.0,-0.0,-0.0,-0.01,0.0,-0.0,0.01,-0.0,0.0,0.0,-0.03,-0.01,-0.01,-0.0,-0.0,0.0,-0.0,0.0,0.0,0.0,-0.01,-0.02,-0.41,-0.04,-0.0,-0.0,-0.0,-0.0,-0.0,0.0,0.0,0.0,-0.0,-0.0,0.01,-0.01,,-0.03,0.02,0.0,0.0,0.0,-0.0,-0.0,0.0,0.0,0.0,-0.0,0.0,0.0,0.0,0.0,0.0,0.0,0.0,0.0,0.0,0.0,0.0,0.0,0.0,-0.0,0.0,0.0,0.0,0.0,0.0,0.0,0.0,0.0,0.0,0.0,0.0,0.0,0.0,0.0,0.0,0.0,0.0,0.0,-0.01,-0.0,0.0,-0.0,0.0,-0.01,-0.0,0.0,0.0
ALA 211,0.0,0.0,-0.0,-0.0,-0.0,-0.0,-0.0,0.0,0.0,-0.0,-0.0,0.0,0.0,-0.0,-0.0,-0.0,-0.0,-0.0,0.0,-0.0,0.0,-0.0,0.0,0.01,-0.09,-0.01,-0.01,0.0,0.0,-0.0,0.0,-0.0,-0.0,-0.0,-0.0,-0.0,-0.1,-0.02,-0.0,-0.0,-0.0,-0.0,-0.0,0.0,0.0,0.0,-0.0,-0.0,-0.0,-0.01,-0.02,,0.05,0.01,0.0,-0.0,0.0,0.0,0.0,0.0,0.0,-0.0,0.0,0.0,-0.0,0.0,0.0,0.0,0.0,-0.0,0.0,0.0,0.0,0.0,0.0,-0.0,0.0,0.0,0.0,0.0,0.0,0.0,0.0,0.0,0.0,0.0,0.0,0.0,0.0,0.0,0.0,0.0,0.0,0.0,-0.04,-0.02,-0.0,-0.0,0.0,-0.04,-0.0,0.0,0.0
THR 212,-0.0,0.0,-0.0,-0.0,-0.0,-0.0,-0.0,0.0,0.0,-0.0,-0.0,0.0,0.0,-0.0,-0.0,-0.0,-0.0,-0.0,-0.0,-0.0,-0.01,-0.01,-0.01,-0.31,-1.28,-0.11,-0.01,0.0,0.0,-0.0,0.0,-0.0,-0.0,-0.0,-0.0,-0.03,-1.31,-0.02,-0.0,-0.0,0.0,-0.0,-0.0,0.0,-0.0,0.01,0.0,-0.0,-0.0,-0.0,0.03,0.04,,-0.03,0.0,-0.0,0.0,0.0,0.0,0.0,0.0,0.0,0.0,0.0,-0.0,0.0,0.0,0.0,0.0,0.0,0.0,0.0,0.0,0.0,-0.0,0.0,-0.0,0.0,0.0,0.0,0.0,0.0,0.0,0.0,0.0,0.0,0.0,0.0,0.0,0.0,0.0,0.0,-0.0,-0.0,-0.01,-0.0,-0.0,0.0,0.0,-0.01,-0.0,0.0,0.0
GLY 213,0.0,0.0,0.0,-0.0,0.0,-0.0,-0.0,0.0,0.0,0.0,-0.0,0.0,0.0,0.0,-0.0,-0.0,0.0,0.0,0.0,-0.0,0.0,-0.0,-0.0,-0.03,-0.02,-0.0,-0.0,0.0,0.0,0.0,0.0,0.0,0.0,0.0,-0.0,-0.0,-0.02,-0.0,-0.0,0.0,0.0,0.0,-0.0,0.0,-0.0,0.0,0.0,0.0,-0.0,-0.0,0.0,0.01,-0.03,,0.0,0.0,0.0,0.0,0.0,0.0,0.0,0.0,-0.0,-0.0,0.0,0.0,0.0,0.0,0.0,0.0,0.0,0.0,0.0,0.0,0.0,0.0,0.0,0.0,0.0,0.0,0.0,0.0,0.0,0.0,0.0,0.0,0.0,0.0,0.0,0.0,0.0,0.0,-0.0,-0.0,0.01,0.0,0.0,0.0,-0.0,0.0,0.0,0.0,0.0
SER 223,0.0,-0.0,-0.0,-0.0,-0.0,0.0,0.0,-0.0,0.0,0.0,-0.0,0.0,-0.0,0.0,-0.0,-0.0,-0.01,-0.0,0.0,0.0,0.0,0.0,0.0,0.0,0.0,-0.0,-0.0,-0.0,0.0,0.0,0.0,0.0,0.0,0.0,-0.0,-0.0,-0.0,-0.0,-0.0,0.0,0.01,-0.0,-0.0,-0.0,-0.0,-0.0,-0.0,-0.0,0.0,-0.0,0.0,0.0,0.0,0.0,,0.0,0.0,-0.0,0.0,0.0,0.0,0.0,0.0,0.0,0.0,0.0,0.0,0.0,0.0,0.0,0.0,0.0,0.0,0.0,0.0,0.0,0.0,0.0,0.0,0.0,0.0,0.0,0.0,0.0,0.0,0.0,0.0,0.0,0.0,0.0,0.0,0.0,0.0,0.0,0.0,0.0,-0.0,0.0,0.0,0.0,0.0,0.0,0.0
LYS 246,0.0,-0.0,-0.02,-0.01,-0.02,-0.01,-0.01,-0.0,-0.0,-0.0,-0.0,0.01,0.0,0.03,-0.0,-0.01,-0.0,0.0,0.0,0.0,0.0,0.0,0.0,0.0,0.0,-0.0,-0.0,-0.0,-0.0,0.0,0.0,0.0,0.0,0.0,0.0,-0.0,-0.0,-0.0,-0.0,0.0,0.0,0.01,0.02,-0.1,-0.01,0.0,0.0,-0.0,-0.0,0.0,0.0,-0.0,-0.0,0.0,0.0,,-0.04,0.03,-0.03,-0.04,-0.01,-0.01,0.0,0.0,0.0,0.0,0.0,0.0,0.0,0.0,0.0,0.0,0.0,0.0,0.0,-0.0,0.0,-0.0,-0.0,0.0,0.0,0.0,0.0,-0.0,0.0,0.0,0.0,0.0,0.0,0.0,0.0,-0.0,0.0,0.0,0.0,0.0,0.0,-0.0,-0.0,-0.0,-0.0,0.0,0.0
TYR 247,0.0,-0.01,-0.49,-0.06,-1.34,-0.04,-0.02,-0.01,-0.01,-0.01,-0.0,0.0,-0.0,-0.06,-0.01,-0.03,-0.01,-0.01,0.0,-0.0,-0.0,-0.0,-0.0,-0.0,-0.01,-0.0,-0.0,-0.0,-0.0,0.0,0.0,0.0,0.0,0.0,-0.0,-0.0,-0.01,-0.04,-0.0,-0.0,-0.0,-0.0,-0.07,0.08,0.03,-0.03,-0.05,-0.0,-0.0,-0.01,-0.0,0.0,0.0,0.0,0.0,-0.04,,0.08,-0.01,-0.01,0.0,0.0,0.0,-0.0,0.0,-0.0,0.0,0.0,0.0,0.0,-0.0,-0.0,-0.0,-0.0,-0.0,0.0,-0.0,-0.0,-0.01,0.0,0.0,-0.0,0.0,-0.0,-0.0,0.0,0.0,0.0,0.0,0.0,0.0,-0.0,-0.01,-0.01,-0.02,-0.02,0.18,0.01,0.01,0.01,0.0,0.0,0.0
GLY 248,0.0,0.0,-0.08,-0.32,-1.32,-1.04,-0.03,-0.04,-0.01,-0.01,-0.0,-0.0,-0.0,-0.0,-0.0,-0.01,-0.0,-0.0,0.0,0.0,-0.0,-0.0,-0.0,-0.0,-0.0,0.0,-0.0,0.0,0.0,0.0,0.0,0.0,0.0,0.0,0.0,-0.0,-0.0,-0.0,-0.0,0.0,0.0,0.0,0.01,0.07,0.0,-0.0,-0.0,0.0,0.0,-0.0,-0.0,0.0,0.0,0.0,-0.0,0.03,0.07,,0.11,0.01,-0.01,0.03,0.0,0.0,0.0,0.0,0.0,0.0,0.0,0.0,0.0,0.0,0.0,0.0,0.0,-0.0,-0.0,0.01,0.0,-0.0,-0.0,0.0,0.0,-0.0,0.0,0.0,0.0,0.0,0.0,0.01,0.0,-0.0,0.0,0.0,-0.0,0.0,0.0,-0.0,0.0,0.0,0.0,0.0,0.0
THR 249,0.0,-0.02,-0.04,-1.29,-1.52,-1.42,-0.27,-0.08,-0.06,-0.01,-0.0,-0.01,-0.0,-0.01,-0.0,-0.02,-0.0,-0.0,0.0,-0.0,0.0,-0.0,-0.0,-0.0,-0.0,-0.0,-0.0,0.0,0.0,0.0,0.0,0.0,0.0,0.0,0.0,-0.0,-0.0,-0.0,-0.0,0.0,-0.0,-0.0,-0.0,0.04,0.0,-0.0,-0.0,0.0,0.0,-0.0,0.0,0.0,0.0,0.0,0.0,-0.03,-0.01,0.18,,-0.04,-0.0,0.01,0.0,0.0,0.0,-0.0,0.0,0.0,0.0,0.0,0.0,-0.0,-0.0,-0.0,-0.0,-0.0,-0.0,0.0,-0.0,0.0,0.0,0.0,0.0,-0.0,0.0,0.0,0.0,0.0,0.0,0.03,-0.0,-0.0,-0.0,-0.0,-0.0,-0.0,0.0,0.0,0.0,0.0,0.0,0.0,0.0
SER 250,-0.0,-0.0,-0.01,-0.03,-0.1,-0.15,-0.01,-0.0,-0.0,-0.0,0.0,-0.0,-0.0,-0.0,-0.0,-0.0,-0.0,-0.0,0.0,0.0,-0.0,-0.0,-0.0,-0.0,-0.0,0.0,0.0,0.0,0.0,-0.0,0.0,-0.0,-0.0,-0.0,-0.0,0.0,-0.0,0.0,0.0,-0.0,-0.0,-0.0,-0.0,0.0,0.0,-0.0,0.0,0.0,0.0,0.0,0.0,0.0,0.0,0.0,0.0,-0.04,-0.01,0.02,-0.03,,0.0,0.01,0.0,0.0,0.0,0.0,0.0,0.0,0.0,0.0,0.0,0.0,-0.0,-0.0,-0.0,0.0,-0.0,-0.0,-0.0,0.0,0.0,-0.0,-0.0,0.0,0.0,0.0,-0.0,-0.0,-0.0,0.0,0.0,-0.0,-0.0,0.0,-0.0,-0.0,-0.0,0.0,-0.0,0.0,0.0,0.0,0.0
ALA 251,0.0,-0.0,-0.0,-0.0,-0.01,-0.01,-0.0,-0.0,-0.0,-0.0,0.0,0.0,-0.0,-0.0,0.0,-0.0,-0.0,-0.0,0.0,0.0,-0.0,-0.0,-0.0,-0.0,0.0,0.0,0.0,0.0,0.0,-0.0,0.0,-0.0,-0.0,0.0,-0.0,0.0,0.0,0.0,0.0,-0.0,0.0,0.0,0.0,-0.0,0.0,0.0,-0.0,-0.0,-0.0,0.0,0.0,0.0,0.0,0.0,0.0,-0.01,0.0,-0.01,-0.0,0.0,,-0.01,0.0,0.0,0.0,0.0,0.0,0.0,0.0,0.0,0.0,0.0,0.0,0.0,0.0,-0.0,0.0,-0.0,-0.01,0.0,0.0,-0.0,-0.0,0.0,-0.0,0.0,-0.0,-0.0,-0.0,0.0,0.0,-0.0,0.0,-0.0,0.0,0.0,0.0,0.0,-0.0,-0.0,0.0,0.0,0.0
ILE 252,0.0,-0.0,-0.01,-0.01,-0.09,-0.39,-0.03,-0.01,-0.0,-0.0,-0.0,-0.0,-0.0,0.0,-0.0,-0.0,-0.0,0.0,0.0,0.0,0.0,-0.0,-0.0,-0.0,-0.0,-0.0,-0.0,-0.0,0.0,0.0,0.0,0.0,0.0,0.0,0.0,-0.0,0.0,-0.0,-0.0,0.0,0.0,0.0,0.0,-0.0,0.0,0.0,0.0,-0.0,-0.0,0.0,-0.0,-0.0,0.0,0.0,0.0,-0.01,0.01,0.05,0.01,0.01,-0.01,,0.0,0.0,0.0,0.0,0.0,0.0,0.0,-0.0,0.0,0.0,0.0,0.0,0.0,-0.0,0.0,0.04,-0.0,0.0,0.0,-0.0,-0.0,-0.0,0.0,0.0,0.0,0.0,0.0,0.03,0.0,-0.0,0.0,-0.0,0.0,-0.0,0.0,0.0,-0.0,-0.0,0.0,0.0,0.0
GLN 368,0.0,0.0,0.0,0.0,0.0,-0.0,-0.0,0.0,0.0,0.0,-0.0,0.01,0.0,0.01,-0.0,-0.0,0.0,0.0,0.0,-0.0,0.06,0.0,-0.02,-0.69,-0.0,-0.0,-0.0,-0.0,-0.0,0.0,-0.0,0.0,0.0,-0.0,0.0,-0.0,-0.0,0.0,-0.0,0.0,0.0,0.0,0.0,0.0,0.0,0.0,0.0,0.0,0.0,0.0,0.0,0.0,0.0,-0.0,0.0,0.0,0.0,0.0,0.0,0.0,0.0,0.0,,0.03,-0.02,-0.0,0.0,-0.0,0.01,-0.01,-0.0,0.0,0.0,0.0,0.0,-0.0,0.0,-0.0,0.0,0.0,0.0,0.0,0.0,-0.0,0.0,0.0,0.0,0.0,0.0,0.0,0.0,0.0,0.0,0.0,-0.01,-0.0,-0.0,0.0,0.0,0.0,0.0,0.0,0.0
VAL 369,0.0,0.0,-0.0,0.0,-0.0,-0.0,-0.0,-0.0,0.0,-0.0,-0.0,-0.0,-0.0,-0.0,-0.0,-0.0,-0.0,-0.0,0.0,-0.0,-0.02,-0.01,-1.36,-1.49,-0.01,-0.0,-0.0,0.0,0.0,0.0,0.0,0.0,-0.0,0.0,0.0,-0.0,-0.0,-0.0,-0.0,0.0,0.0,0.0,0.0,0.0,0.0,-0.0,-0.0,0.0,0.0,0.0,0.0,0.0,0.0,-0.0,0.0,0.0,-0.0,0.0,0.0,0.0,0.0,0.0,0.03,,0.0,-0.01,0.02,-0.04,0.01,0.06,-0.0,0.0,0.0,0.0,0.0,-0.0,0.0,-0.0,-0.0,0.0,0.0,0.0,0.0,-0.0,-0.0,0.0,0.0,0.0,0.0,0.0,0.0,0.0,0.02,-0.0,-0.02,-0.0,-0.0,0.0,0.0,0.0,0.13,0.0,0.0
GLN 370,-0.0,0.0,0.0,-0.0,0.0,0.0,0.0,-0.0,0.0,-0.0,-0.0,-0.0,-0.0,-0.0,-0.0,-0.0,0.0,0.0,-0.0,-0.0,-0.0,-0.0,-0.03,-0.03,-0.0,-0.0,-0.0,0.0,0.0,-0.0,0.0,-0.0,0.0,-0.0,-0.0,0.0,-0.0,0.0,0.0,-0.0,0.0,0.0,0.0,0.0,0.0,0.0,0.0,0.0,0.0,0.0,0.0,-0.0,-0.0,0.0,0.0,0.0,0.0,0.0,0.0,0.0,0.0,0.0,-0.02,0.0,,-0.0,-0.01,-0.0,-0.0,0.01,-0.0,0.0,0.0,0.0,0.0,-0.0,0.0,-0.0,0.0,0.0,0.0,0.0,0.0,-0.0,-0.0,0.0,0.0,0.0,0.0,0.0,0.0,0.0,0.0,-0.0,0.0,0.0,0.0,0.0,0.0,0.0,0.0,0.0,0.0
LEU 371,0.0,0.0,0.0,0.0,-0.0,-0.0,-0.0,-0.0,0.0,-0.0,0.0,-0.0,-0.0,0.0,-0.0,0.0,0.0,0.0,0.0,0.0,-0.0,-0.0,-0.03,-0.01,-0.0,-0.0,-0.0,0.0,0.0,0.0,0.0,0.0,0.0,0.0,0.0,-0.0,0.0,-0.0,-0.0,0.0,0.0,0.0,0.0,0.0,0.0,-0.0,-0.0,0.0,0.0,0.0,0.0,0.0,0.0,0.0,0.0,0.0,-0.0,0.0,-0.0,0.0,0.0,0.0,-0.0,-0.01,-0.0,,-0.0,0.0,-0.0,0.01,-0.0,-0.0,0.0,-0.0,-0.0,0.0,-0.0,0.0,0.0,-0.0,-0.0,0.0,-0.0,0.0,0.0,0.0,0.0,0.0,0.0,0.0,-0.0,0.0,-0.0,-0.0,-0.0,0.0,0.0,-0.0,-0.0,-0.0,0.0,0.0,0.0
VAL 391,0.0,0.0,-0.0,0.0,-0.0,-0.0,-0.0,-0.0,0.0,-0.0,-0.0,0.0,-0.0,0.0,-0.0,-0.0,0.0,0.0,0.0,0.0,0.0,0.0,-0.03,-0.01,-0.0,-0.0,-0.0,0.0,0.0,0.0,0.0,0.0,0.0,-0.0,0.0,-0.0,0.0,0.0,-0.0,0.0,0.0,0.0,0.0,0.0,0.0,-0.0,0.0,0.0,0.0,0.0,0.0,0.0,0.0,0.0,0.0,0.0,0.0,0.0,0.0,0.0,0.0,0.0,0.0,0.02,-0.01,-0.0,,-0.0,0.0,-0.03,-0.0,0.0,0.0,0.0,-0.0,-0.0,-0.0,-0.0,-0.0,0.0,-0.0,-0.0,-0.0,0.0,0.0,0.0,0.0,0.0,0.0,-0.0,0.0,-0.0,0.0,-0.0,-0.0,-0.0,-0.0,0.0,0.0,0.0,0.0,0.0,0.0
SER 392,-0.0,-0.0,-0.0,-0.0,-0.0,0.0,0.0,-0.0,-0.0,-0.0,-0.0,-0.0,-0.0,-0.0,0.0,0.0,-0.0,0.0,-0.0,-0.0,-0.0,-0.0,-0.03,-0.01,-0.0,0.0,-0.0,0.0,0.0,0.0,0.0,-0.0,0.0,0.0,-0.0,0.0,0.0,-0.0,0.0,-0.0,0.0,0.0,0.0,0.0,0.0,0.0,0.0,0.0,0.0,0.0,0.0,0.0,0.0,0.0,0.0,0.0,0.0,0.0,0.0,0.0,0.0,0.0,-0.0,-0.04,-0.0,0.0,-0.0,,-0.0,0.01,-0.0,-0.0,0.0,-0.0,-0.0,0.0,-0.0,0.0,0.0,0.0,-0.0,-0.0,-0.0,0.0,0.0,0.0,0.0,0.0,0.0,0.0,0.0,0.0,-0.0,0.0,0.0,0.0,0.0,-0.0,-0.0,-0.0,-0.0,0.0,0.0
GLY 393,-0.0,-0.0,0.0,-0.0,-0.0,0.0,0.0,-0.0,0.0,-0.0,-0.0,-0.0,-0.0,-0.0,0.0,0.0,0.0,0.0,-0.0,-0.0,-0.01,0.0,-0.1,-0.02,-0.0,-0.0,-0.0,0.0,0.0,-0.0,0.0,-0.0,-0.0,0.0,-0.0,0.0,-0.0,0.0,0.0,-0.0,0.0,0.0,0.0,0.0,0.0,0.0,0.0,0.0,0.0,0.0,0.0,0.0,0.0,0.0,0.0,0.0,0.0,0.0,0.0,0.0,0.0,0.0,0.01,0.01,-0.0,-0.0,0.0,-0.0,,-0.03,-0.01,-0.0,0.0,0.0,-0.0,-0.0,-0.0,-0.0,0.0,0.0,0.0,0.0,0.0,-0.0,-0.0,0.0,0.0,0.0,0.0,0.0,0.0,0.0,0.0,-0.0,-0.0,-0.0,-0.0,0.0,0.0,0.0,-0.0,0.0,0.0
TYR 394,0.0,0.0,-0.0,-0.0,-0.0,-0.0,-0.01,-0.0,-0.0,-0.0,-0.01,-0.02,-0.0,-0.0,-0.0,-0.0,-0.0,-0.0,0.0,-0.0,-0.02,-0.05,-2.21,-0.04,-0.01,-0.0,-0.0,0.0,-0.0,0.0,0.0,0.0,0.0,-0.0,0.0,-0.0,-0.0,-0.0,-0.0,0.0,0.0,0.0,0.0,0.0,0.0,0.0,0.0,0.0,0.0,0.0,0.0,-0.0,0.0,0.0,0.0,0.0,0.0,0.0,0.0,0.0,0.0,-0.0,-0.01,0.07,0.01,0.01,-0.03,0.01,-0.03,,-0.02,-0.01,0.01,0.07,0.02,-0.01,-0.0,0.0,0.0,-0.0,-0.0,-0.0,-0.0,0.0,0.0,0.0,-0.0,0.0,0.0,0.0,0.0,0.0,0.04,0.01,0.02,0.0,0.0,-0.0,-0.0,-0.0,0.0,0.0,0.0
THR 395,-0.0,-0.0,0.0,-0.0,-0.0,-0.0,-0.0,-0.0,-0.0,-0.0,-0.01,-0.04,-0.0,-0.0,0.0,0.0,-0.0,0.0,-0.0,-0.0,-0.01,-0.01,-0.06,-0.0,-0.0,-0.0,-0.0,0.0,0.0,-0.0,0.0,-0.0,0.0,-0.0,-0.0,0.0,-0.0,0.0,0.0,-0.0,0.0,0.0,0.0,0.0,0.0,0.0,0.0,0.0,0.0,0.0,0.0,0.0,0.0,0.0,0.0,0.0,-0.0,0.0,0.0,0.0,0.0,0.0,-0.0,-0.0,-0.0,-0.0,-0.0,-0.0,-0.01,-0.01,,0.01,-0.03,-0.06,0.02,0.0,0.0,-0.0,0.0,0.0,0.0,0.0,-0.0,0.0,-0.0,-0.0,0.0,-0.0,-0.0,0.0,0.0,0.0,0.0,-0.0,0.0,-0.0,-0.0,0.0,0.0,-0.0,0.0,0.0,0.0
LEU 396,-0.0,-0.0,0.0,-0.0,-0.0,0.0,-0.01,-0.0,-0.0,-0.0,0.0,-0.09,-0.0,-0.0,0.0,0.0,0.0,-0.0,-0.0,-0.0,-0.0,0.0,-0.04,-0.0,-0.0,0.0,-0.0,0.0,0.0,0.0,0.0,-0.0,0.0,0.0,-0.0,0.0,-0.0,0.0,0.0,-0.0,0.0,0.0,0.0,0.0,0.0,0.0,0.0,0.0,0.0,0.0,0.0,0.0,0.0,0.0,0.0,0.0,-0.0,0.0,-0.0,0.0,0.0,0.0,0.0,0.0,0.0,-0.0,0.0,-0.0,-0.0,-0.01,0.01,,-0.01,-0.06,0.02,0.02,0.0,-0.0,-0.0,0.0,0.0,-0.0,-0.01,0.0,0.0,0.0,0.0,-0.0,0.0,-0.0,-0.0,0.0,0.0,0.0,-0.0,-0.0,-0.0,0.0,0.0,-0.0,0.0,0.0,0.0
THR 397,-0.0,-0.0,-0.0,-0.0,-0.0,0.0,-0.02,-0.0,-0.0,-0.0,0.01,-2.75,-0.01,-0.0,0.0,0.0,0.0,0.0,-0.0,-0.0,0.0,0.0,-0.02,-0.0,-0.0,0.0,-0.0,0.0,0.0,-0.0,0.0,0.0,0.0,0.0,0.0,0.0,-0.0,0.0,0.0,0.0,0.0,0.0,0.0,0.0,0.0,0.0,0.0,0.0,0.0,0.0,0.0,0.0,0.0,0.0,0.0,0.0,-0.0,0.0,-0.0,-0.0,0.0,0.0,0.0,0.0,0.0,0.0,0.0,0.0,0.0,0.01,-0.03,-0.01,,0.01,0.06,0.02,0.0,-0.0,-0.0,0.0,0.0,-0.0,0.1,0.0,0.06,0.0,0.0,-0.0,-0.0,-0.0,-0.0,0.0,0.0,-0.0,-0.0,0.0,-0.0,0.0,0.0,-0.0,0.0,0.0,0.0
GLU 398,-0.0,-0.0,-0.0,-0.0,-0.0,0.0,-0.02,-0.02,-0.0,-0.02,-0.94,-3.95,0.0,-0.03,0.0,0.0,0.0,0.0,-0.0,-0.01,-0.06,-0.03,-0.68,-0.01,0.0,-0.0,-0.0,0.0,0.0,-0.0,-0.0,-0.0,-0.0,0.0,-0.0,0.0,-0.0,-0.0,0.0,-0.0,0.0,0.0,0.0,-0.0,0.0,-0.0,-0.0,-0.0,0.0,0.0,0.0,0.0,0.0,0.0,0.0,0.0,-0.0,0.0,-0.0,-0.0,0.0,0.0,0.0,0.0,0.0,-0.0,0.0,-0.0,0.0,0.08,-0.06,-0.06,0.04,,0.26,0.04,-0.0,-0.01,-0.0,0.0,0.0,-0.0,-0.02,0.02,0.02,0.0,0.0,-0.0,0.0,-0.0,-0.0,0.0,0.01,-0.0,-0.01,0.0,-0.0,-0.0,0.0,-0.0,0.0,0.0,0.0
LEU 399,0.0,-0.0,-0.01,0.0,-0.01,-0.06,-0.22,-0.28,-0.01,-0.05,-0.04,-2.53,-0.09,-0.0,-0.0,-0.0,0.0,-0.0,0.0,-0.01,-0.02,-0.21,-1.36,-0.02,-0.01,-0.0,-0.01,0.0,0.0,0.0,0.0,0.0,0.0,0.0,0.0,-0.0,-0.0,-0.0,-0.0,-0.0,0.0,0.0,0.0,-0.0,0.0,-0.0,-0.0,-0.0,0.0,0.0,0.0,0.0,-0.0,0.0,0.0,0.0,-0.0,0.0,-0.0,-0.0,0.0,0.0,0.0,0.0,0.0,-0.0,-0.0,-0.0,-0.0,0.02,0.02,0.02,0.07,0.35,,0.15,-0.01,-0.02,-0.0,0.0,0.01,-0.02,-0.21,0.03,0.02,0.01,0.0,-0.01,0.0,-0.0,-0.0,-0.0,0.1,0.03,0.02,0.01,0.0,0.0,-0.0,-0.0,0.0,0.0,0.0
PRO 400,0.0,-0.0,-0.0,-0.01,-0.04,-0.56,-1.51,-0.2,-0.01,0.0,-0.01,-1.79,-0.0,-0.01,0.0,-0.0,0.0,-0.0,0.0,-0.0,-0.01,-0.02,-0.03,-0.0,-0.0,-0.0,-0.0,0.0,0.0,-0.0,0.0,-0.0,0.0,0.0,-0.0,0.0,-0.0,-0.0,-0.0,-0.0,-0.0,-0.0,-0.0,0.0,-0.0,0.0,0.0,0.0,0.0,-0.0,-0.0,-0.0,0.0,0.0,0.0,-0.0,0.0,-0.0,-0.0,0.0,-0.0,-0.0,-0.0,-0.0,-0.0,0.0,-0.0,0.0,-0.0,-0.01,0.0,0.02,0.02,0.04,0.15,,0.0,0.02,0.0,0.0,0.04,-0.01,0.23,-0.01,-0.0,-0.0,-0.0,-0.0,0.0,-0.0,0.0,-0.0,-0.04,0.01,0.01,-0.0,0.0,0.0,-0.0,0.0,-0.0,0.0,0.0
VAL 401,-0.0,0.0,-0.0,-0.0,-0.0,-0.02,-0.05,-0.0,-0.0,-0.0,-0.0,-0.08,-0.0,-0.0,0.0,-0.0,0.0,0.0,0.0,-0.0,-0.0,-0.0,-0.01,-0.0,-0.0,-0.0,-0.0,0.0,0.0,0.0,0.0,0.0,0.0,0.0,0.0,0.0,0.0,0.0,0.0,-0.0,0.0,0.0,0.0,-0.0,0.0,-0.0,-0.0,-0.0,0.0,0.0,0.0,0.0,-0.0,0.0,0.0,0.0,-0.0,-0.0,-0.0,-0.0,0.0,0.0,0.0,0.0,0.0,-0.0,-0.0,-0.0,-0.0,-0.0,0.0,0.0,0.0,-0.0,-0.01,0.0,,0.01,0.0,-0.01,-0.03,-0.01,0.03,-0.0,-0.0,-0.0,-0.0,0.0,-0.0,-0.0,-0.0,0.0,0.0,0.0,-0.0,0.0,0.0,0.0,-0.0,-0.0,-0.0,0.0,0.0
HIE 402,0.0,-0.0,-0.0,-0.01,-0.12,-0.77,-0.14,-0.01,-0.0,-0.0,-0.0,-0.04,-0.0,0.0,-0.0,-0.0,0.0,0.0,0.0,-0.0,-0.0,-0.0,-0.01,-0.0,-0.0,-0.0,-0.0,0.0,-0.0,0.0,0.0,0.0,0.0,0.0,0.0,-0.0,0.0,-0.0,-0.0,0.0,-0.0,-0.0,-0.0,0.0,-0.0,0.0,0.0,0.0,0.0,-0.0,0.0,0.0,0.0,0.0,0.0,-0.0,-0.0,0.01,0.0,-0.0,-0.0,0.03,-0.0,-0.0,-0.0,0.0,-0.0,0.0,-0.0,0.0,-0.0,-0.0,-0.0,-0.01,-0.02,0.02,0.01,,-0.03,-0.01,-0.02,0.0,0.02,0.0,-0.0,-0.0,-0.0,0.0,-0.01,0.03,0.0,0.0,-0.01,-0.0,0.0,-0.0,0.0,-0.0,0.01,0.0,0.0,0.0,0.0
TRP 414,0.0,-0.0,-0.0,-0.0,-0.03,-0.06,-0.02,-0.0,-0.0,-0.0,0.0,0.0,-0.0,0.0,-0.0,-0.0,0.0,0.0,0.0,0.0,0.0,0.0,-0.0,-0.0,0.0,-0.0,-0.0,-0.0,0.0,0.0,0.0,0.0,0.0,0.0,0.0,-0.0,0.0,-0.0,-0.0,0.0,-0.0,-0.0,-0.0,0.0,-0.0,-0.0,0.0,0.0,0.0,0.0,0.0,0.0,0.0,0.0,0.0,-0.0,-0.01,0.0,-0.0,-0.0,-0.01,-0.0,0.0,-0.0,0.0,0.0,-0.0,0.0,0.0,0.0,0.0,-0.0,-0.0,-0.0,-0.0,0.0,0.0,-0.03,,-0.01,0.01,0.0,0.0,0.0,-0.0,0.0,-0.0,-0.0,-0.01,0.01,-0.0,0.0,-0.0,-0.0,0.0,-0.0,-0.0,-0.0,-0.0,0.0,-0.0,0.0,0.0
GLY 416,0.0,0.0,-0.0,0.0,0.01,0.01,-0.06,-0.0,0.0,-0.0,0.0,0.01,-0.0,-0.0,0.0,0.0,0.0,-0.0,0.0,0.0,-0.0,-0.0,-0.0,-0.0,0.0,0.0,0.0,0.0,0.0,-0.0,0.0,-0.0,0.0,0.0,-0.0,0.0,-0.0,0.0,0.0,0.0,0.0,0.0,0.0,-0.0,0.0,0.0,-0.0,0.0,0.0,0.0,0.0,0.0,0.0,0.0,0.0,0.0,0.0,-0.0,0.0,0.0,0.0,0.0,0.0,0.0,0.0,-0.0,0.0,0.0,0.0,-0.0,0.0,0.0,0.0,0.0,0.0,0.0,-0.01,-0.01,-0.01,,-0.01,-0.0,-0.01,-0.0,0.0,0.0,0.0,-0.0,0.03,-0.03,-0.01,-0.01,0.0,0.0,0.0,0.0,0.0,-0.0,0.0,-0.0,0.0,0.0,0.0
SER 417,-0.0,0.0,-0.0,-0.0,-0.01,-0.18,-0.97,-0.01,-0.0,-0.0,-0.0,0.02,-0.0,0.0,-0.0,-0.0,0.0,0.0,0.0,0.0,0.0,0.0,-0.0,0.0,0.0,-0.0,0.0,0.0,0.0,-0.0,0.0,0.0,0.0,0.0,0.0,-0.0,0.0,0.0,-0.0,-0.0,0.0,0.0,0.0,0.0,0.0,0.0,-0.0,0.0,0.0,0.0,0.0,0.0,0.0,0.0,0.0,0.0,0.0,-0.0,0.0,0.0,0.0,0.0,0.0,0.0,0.0,-0.0,-0.0,-0.0,0.0,-0.0,0.0,0.0,0.0,0.0,0.01,0.03,-0.03,-0.01,0.01,-0.01,,0.03,-0.02,0.0,0.0,0.0,0.0,-0.01,-0.08,0.08,0.0,-0.0,0.0,-0.0,-0.0,0.0,0.0,0.0,-0.0,-0.0,0.0,0.0,0.0
PHE 418,-0.0,-0.0,-0.0,0.0,-0.0,-0.0,-0.9,-0.01,-0.0,-0.0,-0.0,0.06,-0.0,-0.0,0.0,0.0,-0.0,-0.0,0.0,0.0,-0.0,-0.0,-0.0,-0.0,0.0,0.0,-0.0,0.0,0.0,-0.0,0.0,-0.0,-0.0,0.0,-0.0,0.0,-0.0,0.0,0.0,-0.0,0.0,0.0,0.0,-0.0,0.0,0.0,0.0,0.0,0.0,0.0,0.0,0.0,0.0,0.0,0.0,0.0,-0.0,0.0,0.0,-0.0,-0.0,-0.0,0.0,0.0,0.0,0.0,-0.0,-0.0,0.0,-0.0,0.0,-0.0,-0.0,-0.0,-0.02,-0.0,-0.01,0.0,0.0,-0.0,0.05,,-0.06,0.01,0.01,0.01,0.02,-0.09,0.03,0.0,-0.0,0.01,-0.0,0.0,-0.0,0.0,0.0,-0.0,0.0,-0.0,0.0,0.0,0.0
ASP 419,-0.0,-0.0,0.0,-0.01,-0.01,-0.13,-2.03,0.02,-0.0,-0.0,-0.01,-14.57,0.01,-0.02,0.0,0.0,0.0,-0.0,-0.0,-0.0,-0.01,-0.0,-0.01,-0.0,0.0,0.0,0.0,0.0,0.0,-0.0,-0.0,-0.0,-0.0,0.0,-0.0,0.0,-0.0,0.0,0.0,-0.0,0.0,0.0,0.0,-0.0,0.0,-0.0,-0.0,0.0,0.0,0.0,0.0,0.0,0.0,0.0,0.0,0.0,0.0,0.0,0.0,-0.0,-0.0,-0.0,0.0,0.0,0.0,-0.0,-0.0,-0.0,0.0,-0.0,-0.0,-0.01,0.1,-0.02,-0.22,0.21,0.03,0.02,0.0,-0.01,-0.02,-0.07,,-0.11,-0.58,-0.98,-0.1,0.06,0.01,0.0,0.0,0.0,-0.01,0.01,0.0,-0.0,0.0,-0.0,0.0,0.0,-0.0,0.0,0.0
PRO 420,0.0,-0.0,-0.0,-0.0,-0.01,-0.02,0.01,-0.0,-0.0,0.0,-0.0,-0.31,-0.0,0.0,0.0,-0.0,0.0,0.0,0.0,-0.0,-0.0,-0.0,-0.01,-0.0,-0.0,-0.0,0.0,0.0,0.0,0.0,0.0,0.0,0.0,-0.0,0.0,-0.0,0.0,-0.0,-0.0,0.0,0.0,0.0,-0.0,0.0,-0.0,-0.0,0.0,0.0,0.0,-0.0,0.0,0.0,0.0,0.0,0.0,-0.0,-0.0,-0.0,-0.0,0.0,0.0,-0.0,-0.0,-0.0,-0.0,0.0,0.0,0.0,-0.0,0.0,0.0,0.0,0.01,0.01,0.03,-0.02,-0.0,0.0,0.0,-0.0,0.0,0.01,-0.1,,0.07,0.0,-0.01,0.02,-0.0,0.0,0.0,-0.0,-0.0,0.0,0.0,-0.0,-0.0,-0.0,0.0,0.0,-0.0,0.0,0.0
GLU 421,-0.0,-0.0,0.0,-0.0,-0.0,0.0,-0.1,-0.02,-0.01,-0.01,-0.05,-1.18,-0.0,-0.01,0.0,0.0,0.0,0.0,-0.0,-0.0,-0.01,-0.0,-0.0,-0.0,0.0,-0.0,0.0,0.0,0.0,-0.0,0.0,-0.0,-0.0,0.0,-0.0,0.0,-0.0,0.0,0.0,-0.0,0.0,0.0,0.0,0.0,0.0,0.0,0.0,0.0,0.0,0.0,0.0,0.0,0.0,0.0,0.0,0.0,-0.0,0.0,0.0,0.0,-0.0,0.0,0.0,-0.0,-0.0,0.0,0.0,0.0,-0.0,0.0,-0.0,0.0,0.09,0.02,0.02,-0.0,-0.0,-0.0,-0.0,0.0,0.0,0.01,-0.52,0.06,,0.09,0.01,-0.0,-0.0,-0.0,-0.0,-0.0,0.0,-0.0,0.0,0.0,0.0,-0.0,-0.0,-0.0,-0.0,0.0,0.0
SER 422,0.0,-0.0,-0.0,-0.0,-0.0,0.0,-0.47,-0.01,-0.0,-0.0,-0.0,0.44,-0.0,0.0,-0.0,-0.0,0.0,0.0,0.0,0.0,0.0,0.0,-0.0,0.0,-0.0,-0.0,-0.0,0.0,0.0,0.0,0.0,0.0,0.0,0.0,0.0,-0.0,0.0,-0.0,-0.0,0.0,0.0,0.0,0.0,0.0,0.0,0.0,0.0,0.0,0.0,0.0,0.0,0.0,0.0,0.0,0.0,0.0,0.0,0.0,0.0,0.0,0.0,0.0,0.0,0.0,0.0,0.0,0.0,0.0,0.0,0.0,-0.0,0.0,0.0,0.0,0.01,-0.0,-0.0,-0.0,0.0,0.0,0.0,0.01,-0.93,0.0,0.09,,0.01,0.02,-0.0,-0.0,-0.0,0.0,0.0,-0.0,-0.0,0.0,0.0,0.0,-0.0,0.0,0.0,0.0,0.0
GLY 423,0.0,0.0,-0.0,0.0,-0.0,0.0,-0.11,-0.0,-0.0,0.0,0.0,0.05,-0.0,0.0,-0.0,-0.0,0.0,0.0,0.0,0.0,0.0,0.0,0.0,0.0,-0.0,-0.0,-0.0,0.0,0.0,0.0,0.0,0.0,0.0,0.0,0.0,-0.0,0.0,-0.0,-0.0,0.0,0.0,0.0,0.0,0.0,0.0,0.0,0.0,0.0,0.0,0.0,0.0,0.0,0.0,0.0,0.0,0.0,0.0,0.0,0.0,-0.0,-0.0,0.0,0.0,0.0,0.0,0.0,0.0,0.0,0.0,-0.0,0.0,0.0,0.0,0.0,0.0,-0.0,-0.0,-0.0,-0.0,0.0,0.0,0.02,-0.1,-0.01,0.01,0.01,,-0.06,-0.0,-0.0,-0.0,0.0,0.0,-0.0,0.0,0.0,0.0,0.0,-0.0,0.0,0.0,0.0,-0.0
GLU 424,-0.0,-0.0,-0.0,-0.0,0.0,-0.01,-1.4,-0.01,-0.0,-0.0,-0.0,-0.09,0.0,-0.01,0.0,0.0,0.0,-0.0,-0.0,-0.0,-0.0,-0.0,-0.0,-0.0,0.0,0.0,0.0,0.0,0.0,-0.0,-0.0,-0.0,-0.0,0.0,-0.0,0.0,-0.0,0.0,0.0,-0.0,0.0,0.0,0.0,-0.0,0.0,0.0,0.0,0.0,0.0,0.0,0.0,0.0,0.0,0.0,0.0,0.0,0.0,0.0,0.0,-0.0,-0.0,0.0,0.0,0.0,0.0,0.0,0.0,0.0,0.0,0.0,-0.0,-0.0,-0.0,-0.0,-0.01,-0.0,0.0,0.0,-0.0,-0.0,-0.01,-0.1,0.06,0.02,-0.0,0.01,-0.06,,0.07,0.0,-0.0,-0.0,0.0,0.0,-0.0,-0.0,0.0,0.0,-0.0,-0.0,0.0,0.0,0.0
SER 425,0.0,0.0,-0.0,-0.0,0.0,0.01,-0.82,-0.0,-0.0,-0.0,0.0,-0.0,0.0,0.0,-0.0,-0.0,0.0,0.0,0.0,0.0,0.0,0.0,0.0,0.0,0.0,-0.0,-0.0,0.0,0.0,0.0,0.0,0.0,0.0,0.0,0.0,-0.0,0.0,0.0,-0.0,0.0,0.0,0.0,0.0,-0.0,0.0,0.0,0.0,0.0,0.0,0.0,0.0,0.0,0.0,0.0,0.0,0.0,0.0,0.0,0.0,-0.0,-0.0,0.0,0.0,0.0,0.0,0.0,0.0,0.0,0.0,0.0,-0.0,0.0,-0.0,0.0,0.0,0.0,-0.0,-0.01,-0.01,0.03,-0.09,0.02,0.01,-0.0,-0.0,-0.0,-0.0,0.09,,0.07,-0.05,-0.01,0.0,-0.0,-0.0,0.0,0.0,0.0,-0.0,-0.0,0.0,0.0,0.0
ILE 426,0.0,-0.0,-0.0,-0.0,-0.03,-0.64,-1.61,-0.01,-0.0,-0.0,-0.0,-0.01,-0.0,-0.0,0.0,-0.0,0.0,0.0,0.0,-0.0,-0.0,-0.0,-0.0,-0.0,-0.0,0.0,0.0,0.0,0.0,0.0,0.0,0.0,0.0,0.0,-0.0,0.0,-0.0,-0.0,-0.0,0.0,0.0,0.0,0.0,-0.0,0.0,0.0,0.0,0.0,0.0,0.0,0.0,0.0,0.0,0.0,0.0,0.0,0.0,0.01,0.03,0.0,0.0,0.03,0.0,0.0,0.0,0.0,-0.0,0.0,0.0,0.0,0.0,-0.0,-0.0,-0.0,-0.0,-0.0,-0.0,0.03,0.01,-0.03,0.07,0.0,0.0,0.0,-0.0,-0.0,-0.0,0.0,0.07,,0.01,0.0,-0.0,0.0,0.0,-0.0,0.0,0.0,0.0,0.0,0.0,0.0,0.0
TYR 427,0.0,0.0,-0.0,-0.0,-0.0,-0.01,-0.02,-0.0,-0.0,-0.0,-0.0,-0.0,0.0,-0.0,0.0,0.0,0.0,-0.0,0.0,0.0,-0.0,-0.0,-0.0,0.0,0.0,0.0,0.0,0.0,0.0,-0.0,-0.0,-0.0,-0.0,0.0,-0.0,0.0,0.0,0.0,0.0,0.0,0.0,0.0,0.0,0.0,0.0,0.0,0.0,0.0,0.0,0.0,0.0,0.0,0.0,0.0,0.0,0.0,0.0,0.0,-0.0,0.0,0.0,0.0,0.0,0.0,0.0,-0.0,0.0,0.0,0.0,0.0,0.0,-0.0,-0.0,-0.0,-0.0,0.0,-0.0,0.0,-0.0,-0.01,0.0,-0.0,0.0,0.0,-0.0,-0.0,-0.0,-0.0,-0.05,0.01,,0.0,-0.0,0.0,0.0,0.0,0.0,0.0,-0.0,-0.0,-0.0,0.0,0.0
MET 437,-0.0,0.0,0.0,-0.0,-0.0,-0.0,-0.02,-0.0,-0.0,-0.0,-0.0,-0.0,0.0,-0.0,0.0,0.0,0.0,-0.0,0.0,0.0,0.0,-0.0,-0.0,0.0,0.0,0.0,0.0,0.0,0.0,0.0,0.0,0.0,0.0,0.0,0.0,0.0,0.0,0.0,0.0,0.0,0.0,0.0,0.0,0.0,0.0,0.0,0.0,0.0,0.0,0.0,0.0,0.0,0.0,0.0,0.0,-0.0,-0.0,-0.0,-0.0,-0.0,-0.0,-0.0,0.0,0.0,0.0,0.0,-0.0,0.0,0.0,0.0,0.0,0.0,0.0,0.0,-0.0,-0.0,0.0,0.0,0.0,-0.01,-0.0,0.01,0.0,-0.0,-0.0,0.0,0.0,-0.0,-0.01,0.0,0.0,,-0.0,0.0,0.0,0.0,-0.0,-0.0,0.0,0.0,-0.0,0.0,0.0
VAL 465,0.0,0.0,-0.0,0.0,0.03,-0.01,-0.02,-0.01,-0.0,-0.01,-0.0,0.02,-0.0,0.01,-0.0,-0.0,-0.0,0.0,0.0,0.0,0.0,0.04,-0.67,-0.02,0.02,-0.0,-0.0,0.0,0.0,0.0,0.0,0.0,0.0,-0.0,-0.0,0.0,-0.0,0.0,0.0,0.0,0.0,0.0,0.0,-0.0,0.0,-0.0,-0.0,-0.0,0.0,0.0,0.0,0.0,-0.0,-0.0,0.0,0.0,-0.01,0.0,-0.0,-0.0,0.0,0.0,0.0,0.02,0.0,-0.0,0.0,-0.0,0.0,0.02,0.0,0.0,0.0,0.01,0.1,-0.04,0.0,-0.01,-0.0,0.0,0.0,-0.0,-0.01,-0.0,0.0,0.0,0.0,0.0,0.0,-0.0,-0.0,-0.0,,-0.03,-0.09,0.01,-0.02,-0.01,-0.02,-0.01,0.03,0.0,0.0
PRO 466,-0.0,-0.0,-0.02,-0.01,-0.23,-0.07,-0.02,-0.03,-0.0,-0.04,-0.0,-0.05,-0.01,0.04,-0.0,-0.0,-0.0,-0.0,0.0,0.0,-0.0,-0.08,-0.4,-0.01,0.05,-0.0,-0.01,0.0,0.0,0.0,0.0,0.0,0.0,0.0,-0.0,-0.0,-0.0,0.0,-0.0,-0.0,-0.0,0.0,0.0,0.0,0.0,-0.02,-0.0,-0.0,0.0,0.0,0.0,0.0,-0.0,-0.0,0.0,0.0,-0.01,0.0,-0.0,0.0,-0.0,-0.0,0.0,-0.0,-0.0,-0.0,-0.0,0.0,-0.0,0.01,-0.0,0.0,-0.0,-0.0,0.04,0.01,0.0,-0.0,-0.0,0.0,-0.0,0.0,0.01,0.0,-0.0,-0.0,-0.0,0.0,-0.0,0.0,0.0,0.0,-0.03,,0.04,0.03,0.01,-0.13,0.01,0.02,0.01,0.0,0.0
ASP 467,-0.0,-0.0,-0.02,-0.0,-0.02,-0.0,-0.0,-0.01,-0.0,-0.05,0.0,-0.05,-0.01,0.07,0.0,0.0,-0.0,-0.0,-0.0,-0.04,-0.58,-8.26,-3.88,-6.37,-9.86,0.12,-0.08,0.0,0.0,-0.0,-0.0,-0.0,-0.0,-0.0,-0.01,0.0,-0.01,0.01,0.0,-0.0,0.0,0.0,0.0,-0.0,0.0,-0.03,-0.0,-0.0,0.0,0.0,-0.01,-0.04,-0.02,0.01,0.0,0.0,-0.02,-0.0,-0.0,-0.0,0.0,0.0,-0.01,-0.02,0.0,-0.0,-0.0,0.0,-0.0,0.02,0.0,-0.0,-0.0,-0.01,0.02,0.01,-0.0,0.0,0.0,0.0,-0.0,-0.0,0.0,0.0,0.0,-0.0,0.0,-0.0,-0.0,0.0,0.0,0.0,-0.09,0.05,,0.96,-0.01,0.01,-0.07,0.14,0.14,0.0,0.0
PRO 468,0.0,-0.0,-0.12,0.0,-0.13,-0.01,-0.01,-0.03,-0.0,-0.7,-0.0,-0.02,-0.02,-0.22,-0.01,-0.0,-0.0,-0.01,0.0,-0.02,-0.06,-1.39,-0.16,-0.18,-1.63,-0.03,-1.1,-0.0,0.0,0.0,-0.0,0.0,0.0,0.0,-0.01,-0.01,-0.07,-0.43,-0.01,-0.01,-0.0,0.0,0.0,-0.0,0.0,0.08,-0.0,-0.0,-0.0,0.0,-0.0,-0.02,-0.0,0.0,0.0,0.0,-0.02,0.0,-0.0,-0.0,0.0,-0.0,-0.0,-0.0,0.0,0.0,-0.0,0.0,-0.0,0.0,-0.0,-0.0,0.0,0.0,0.01,-0.0,0.0,-0.0,-0.0,0.0,0.0,0.0,-0.0,-0.0,0.0,0.0,0.0,-0.0,0.0,-0.0,0.0,0.0,0.01,0.03,0.98,,-0.33,-0.03,-0.01,0.03,0.0,0.0,0.0
ASP 469,-0.0,-0.02,-0.63,-0.06,-2.82,-0.03,-0.02,-0.05,-0.04,-0.17,0.0,-0.08,-0.05,-16.31,0.02,-0.01,-0.01,-0.08,-0.0,-0.02,-0.06,-0.11,-0.04,-0.04,-0.11,-0.0,0.04,0.0,0.0,-0.0,-0.0,-0.0,-0.0,-0.0,-0.01,-0.0,-0.04,-0.11,-0.0,-0.0,0.0,-0.01,0.01,0.04,-0.0,0.03,0.03,0.01,-0.0,-0.02,0.0,-0.0,-0.0,0.0,-0.0,0.0,0.15,0.0,0.0,-0.0,0.0,0.0,-0.0,-0.0,0.0,0.0,-0.0,0.0,-0.0,0.0,-0.0,-0.0,-0.0,-0.0,0.0,0.0,0.0,0.0,-0.0,0.0,0.0,0.0,0.0,-0.0,0.0,0.0,0.0,0.0,0.0,0.0,0.0,-0.0,-0.02,-0.02,-0.01,-0.41,,0.18,0.02,0.0,-0.0,0.0,0.0
ALA 470,-0.0,-0.0,-0.0,-0.01,-0.26,-0.01,-0.0,-0.0,-0.0,0.0,0.0,-0.01,-0.0,-0.11,-0.0,-0.0,-0.0,-0.0,-0.0,-0.0,-0.01,-0.03,-0.02,-0.02,-0.04,-0.0,-0.0,0.0,0.0,-0.0,0.0,-0.0,0.0,0.0,-0.0,-0.0,-0.01,-0.01,-0.0,-0.0,-0.0,-0.0,0.0,0.0,0.0,0.0,-0.0,0.0,-0.0,-0.0,-0.0,-0.0,0.0,0.0,0.0,-0.0,0.01,-0.0,0.0,0.0,0.0,0.0,0.0,0.0,0.0,-0.0,0.0,-0.0,0.0,-0.0,0.0,0.0,0.0,-0.0,0.0,0.0,0.0,-0.0,-0.0,-0.0,0.0,-0.0,-0.0,-0.0,-0.0,0.0,0.0,0.0,0.0,0.0,0.0,-0.0,-0.01,-0.13,0.01,-0.03,0.2,,-0.02,-0.02,-0.0,0.0,0.0
PHE 471,0.0,-0.0,-0.0,-0.01,-0.07,-0.03,-0.01,-0.0,-0.0,-0.0,0.0,-0.0,-0.0,-0.01,-0.0,-0.0,-0.0,-0.0,0.0,-0.0,0.0,0.01,-0.0,-0.0,0.01,-0.0,-0.0,0.0,0.0,-0.0,0.0,0.0,0.0,0.0,-0.0,0.0,-0.0,-0.0,-0.0,0.0,-0.0,-0.0,-0.0,0.0,-0.0,-0.0,0.0,0.0,0.0,0.0,0.0,0.0,0.0,-0.0,0.0,-0.0,0.01,0.0,0.0,-0.0,-0.0,-0.0,0.0,0.0,0.0,-0.0,0.0,-0.0,0.0,-0.0,0.0,0.0,0.0,0.0,-0.0,-0.0,-0.0,0.01,-0.0,0.0,-0.0,0.0,0.0,0.0,-0.0,-0.0,-0.0,-0.0,-0.0,0.0,-0.0,0.0,-0.02,0.01,-0.07,-0.01,0.02,-0.02,,0.02,0.0,0.0,0.0
ASP 472,-0.0,-0.0,-0.0,-0.0,-0.01,-0.0,-0.0,-0.0,-0.0,-0.0,0.0,-0.02,-0.0,-0.04,0.0,0.0,-0.0,-0.0,-0.0,-0.0,-0.05,-0.02,-0.04,-0.38,-0.13,-0.0,-0.0,0.0,0.0,-0.0,0.0,-0.0,-0.0,-0.0,-0.0,-0.0,-0.01,-0.01,0.0,-0.0,-0.0,-0.0,-0.0,0.0,-0.0,0.01,0.0,0.0,-0.0,-0.0,-0.01,-0.04,-0.01,0.0,0.0,-0.0,0.01,0.0,0.0,0.0,-0.0,-0.0,0.0,0.0,0.0,-0.0,0.0,-0.0,0.0,-0.0,-0.0,-0.0,-0.0,-0.0,-0.0,0.0,-0.0,0.0,0.0,-0.0,-0.0,-0.0,0.0,0.0,-0.0,0.0,0.0,-0.0,-0.0,0.0,-0.0,0.0,-0.01,0.02,0.15,0.03,0.0,-0.02,0.02,,0.05,0.0,0.0
ILE 473,0.0,-0.0,-0.0,-0.0,-0.0,-0.0,-0.0,-0.0,-0.0,-0.0,-0.0,-0.0,-0.0,-0.0,0.0,0.0,-0.0,-0.0,0.0,-0.0,-0.01,-0.03,-0.83,-0.99,-0.03,-0.0,-0.0,-0.0,0.0,-0.0,0.0,-0.0,0.0,0.0,-0.0,-0.0,-0.0,-0.0,0.0,0.0,0.0,-0.0,-0.0,0.0,-0.0,0.0,0.0,0.0,-0.0,-0.0,-0.0,-0.0,-0.0,0.0,0.0,-0.0,0.0,0.0,0.0,0.0,0.0,0.0,0.0,0.13,0.0,0.0,0.0,-0.0,-0.0,0.0,0.0,0.0,0.0,0.0,0.0,-0.0,-0.0,0.0,-0.0,0.0,0.0,0.0,-0.0,-0.0,-0.0,0.0,0.0,0.0,0.0,0.0,-0.0,-0.0,0.03,0.01,0.12,0.0,-0.0,-0.0,0.0,0.04,,0.0,0.0
Cl- 583,-0.0,0.0,0.0,0.0,0.0,-0.0,-0.0,0.0,-0.0,0.0,0.0,-0.0,0.0,-0.0,-0.0,0.0,0.0,-0.0,-0.0,0.0,-0.0,0.0,0.0,-0.0,-0.0,0.0,0.0,0.0,-0.0,-0.0,0.0,-0.0,0.0,-0.0,0.0,0.0,0.0,0.0,0.0,-0.0,0.0,0.0,0.0,0.0,0.0,0.0,0.0,0.0,0.0,0.0,0.0,0.0,0.0,0.0,0.0,0.0,0.0,0.0,0.0,0.0,0.0,0.0,0.0,0.0,0.0,0.0,0.0,0.0,0.0,0.0,0.0,0.0,0.0,0.0,0.0,0.0,0.0,0.0,0.0,0.0,0.0,0.0,0.0,0.0,0.0,0.0,0.0,0.0,0.0,0.0,0.0,0.0,0.0,0.0,0.0,0.0,0.0,0.0,0.0,0.0,0.0,,0.0
Cl- 585,-0.0,0.0,0.0,-0.0,0.0,-0.0,-0.0,0.0,0.0,-0.0,-0.0,-0.0,0.0,-0.0,0.0,0.0,0.0,-0.0,-0.0,-0.0,-0.0,-0.0,-0.0,0.0,0.0,-0.0,0.0,0.0,0.0,-0.0,0.0,-0.0,0.0,0.0,0.0,0.0,0.0,0.0,0.0,-0.0,0.0,0.0,0.0,0.0,0.0,0.0,0.0,0.0,0.0,0.0,0.0,0.0,0.0,0.0,0.0,0.0,0.0,0.0,0.0,0.0,0.0,0.0,0.0,0.0,0.0,0.0,0.0,0.0,0.0,0.0,0.0,0.0,0.0,0.0,0.0,0.0,0.0,0.0,0.0,0.0,0.0,0.0,0.0,0.0,0.0,0.0,-0.0,0.0,0.0,0.0,0.0,0.0,0.0,0.0,0.0,0.0,0.0,0.0,0.0,0.0,0.0,0.0,
